Year,Month,Day,Order,Family,Genus,Species,Observer ID
2016,3,14,Archaeognatha,Meinertellidae,,,197106
2019,9,4,Blattodea,Blaberidae,Pycnoscelus,surinamensis,2212907
2019,9,9,Blattodea,Blaberidae,Pycnoscelus,surinamensis,2212939
2019,9,10,Blattodea,Blaberidae,Pycnoscelus,surinamensis,2212891
2020,9,7,Blattodea,Blaberidae,Pycnoscelus,surinamensis,3520103
2016,4,7,Blattodea,Blattidae,Periplaneta,americana,210809
2016,4,13,Blattodea,Blattidae,Periplaneta,americana,214653
2018,4,23,Blattodea,Blattidae,Periplaneta,americana,841110
2018,4,30,Blattodea,Blattidae,Periplaneta,americana,929143
2018,10,18,Blattodea,Blattidae,Periplaneta,americana,1273752
2018,10,22,Blattodea,Blattidae,Periplaneta,americana,1292419
2018,10,28,Blattodea,Blattidae,Periplaneta,americana,1279617
2018,11,17,Blattodea,Blattidae,Periplaneta,americana,1273751
2018,11,28,Blattodea,Blattidae,Periplaneta,americana,1370087
2018,11,28,Blattodea,Blattidae,Periplaneta,americana,1372388
2018,11,29,Blattodea,Blattidae,Periplaneta,americana,1273740
2018,12,1,Blattodea,Blattidae,Periplaneta,americana,1273715
2018,12,2,Blattodea,Blattidae,Periplaneta,americana,1370812
2019,5,19,Blattodea,Blattidae,Periplaneta,americana,284246
2019,6,17,Blattodea,Blattidae,Periplaneta,americana,797968
2019,9,5,Blattodea,Blattidae,Periplaneta,americana,2248838
2019,9,6,Blattodea,Blattidae,Periplaneta,americana,2212957
2019,9,8,Blattodea,Blattidae,Periplaneta,americana,2219673
2019,9,8,Blattodea,Blattidae,Periplaneta,americana,2230632
2019,9,10,Blattodea,Blattidae,Periplaneta,americana,2240428
2019,9,12,Blattodea,Blattidae,Periplaneta,americana,2263488
2019,9,13,Blattodea,Blattidae,Periplaneta,americana,2212911
2019,9,18,Blattodea,Blattidae,Periplaneta,americana,2212901
2020,4,17,Blattodea,Blattidae,Periplaneta,americana,1923420
2020,6,17,Blattodea,Blattidae,Periplaneta,americana,2317842
2020,8,27,Blattodea,Blattidae,Periplaneta,americana,3515561
2020,9,1,Blattodea,Blattidae,Periplaneta,americana,3591708
2020,9,4,Blattodea,Blattidae,Periplaneta,americana,3522054
2020,9,13,Blattodea,Blattidae,Periplaneta,americana,3647747
2020,9,18,Blattodea,Blattidae,Periplaneta,americana,3551697
2020,9,18,Blattodea,Blattidae,Periplaneta,americana,3645413
2019,9,15,Blattodea,Blattidae,Shelfordella,lateralis,2212915
2018,4,16,Blattodea,Blattidae,,,845013
2018,11,29,Blattodea,Blattidae,,,1378098
2018,12,3,Blattodea,Blattidae,,,1377940
2019,9,6,Blattodea,Blattidae,,,2214274
2019,9,7,Blattodea,Blattidae,,,2212894
2019,9,10,Blattodea,Blattidae,,,2240939
2020,3,12,Blattodea,Corydiidae,,,2808889
2020,1,20,Blattodea,Rhinotermitidae,Reticulitermes,hesperus,1030791
2016,4,11,Blattodea,Termitidae,,,214495
2016,4,14,Blattodea,Termitidae,,,210733
2016,3,14,Blattodea,,,,197112
2016,3,15,Blattodea,,,,73174
2016,3,15,Blattodea,,,,73174
2016,4,11,Blattodea,,,,212914
2016,4,12,Blattodea,,,,212676
2016,4,13,Blattodea,,,,212914
2016,4,14,Blattodea,,,,210809
2016,4,14,Blattodea,,,,210780
2017,4,10,Blattodea,,,,409665
2018,11,14,Blattodea,,,,1273789
2019,5,18,Blattodea,,,,284246
2019,9,13,Blattodea,,,,2264217
2019,8,1,Coleoptera,Bostrichidae,,,284685
2020,9,1,Coleoptera,Buprestidae,Chrysobothris,octocola,1422807
2020,7,25,Coleoptera,Buprestidae,Polycesta,aruensis,1923420
2018,8,26,Coleoptera,Carabidae,,,850533
2018,9,8,Coleoptera,Carabidae,,,1273751
2018,10,16,Coleoptera,Carabidae,,,1273795
2019,11,15,Coleoptera,Cerambycidae,Dendrobias,mandibularis,2350408
2018,6,21,Coleoptera,Cerambycidae,Derobrachus,hovorei,904914
2020,6,24,Coleoptera,Cerambycidae,Derobrachus,hovorei,284685
2020,7,1,Coleoptera,Cerambycidae,Derobrachus,hovorei,2408653
2020,7,6,Coleoptera,Cerambycidae,Derobrachus,hovorei,2251296
2018,8,24,Coleoptera,Cerambycidae,Megacyllene,antennata,1159055
2018,9,14,Coleoptera,Cerambycidae,Megacyllene,antennata,904914
2016,8,22,Coleoptera,Cerambycidae,Moneilema,gigas,284246
2016,8,22,Coleoptera,Cerambycidae,Moneilema,gigas,284246
2018,8,23,Coleoptera,Cerambycidae,Moneilema,gigas,550536
2019,9,10,Coleoptera,Cerambycidae,Moneilema,gigas,2176266
2019,9,18,Coleoptera,Cerambycidae,Moneilema,gigas,572152
2019,9,23,Coleoptera,Cerambycidae,Moneilema,gigas,1923420
2020,8,30,Coleoptera,Cerambycidae,Moneilema,gigas,3539312
2007,9,27,Coleoptera,Cerambycidae,Oncideres,rhodosticta,3785
2016,9,28,Coleoptera,Cerambycidae,Oncideres,rhodosticta,284246
2016,9,28,Coleoptera,Cerambycidae,Oncideres,rhodosticta,284246
2017,9,18,Coleoptera,Cerambycidae,Oncideres,rhodosticta,597767
2019,9,6,Coleoptera,Cerambycidae,Oncideres,rhodosticta,2212893
2019,9,14,Coleoptera,Cerambycidae,Oncideres,rhodosticta,2250855
2018,11,13,Coleoptera,Cerambycidae,,,1273789
2019,9,10,Coleoptera,Cerambycidae,,,2212905
2020,7,23,Coleoptera,Cerambycidae,,,1273752
2018,7,15,Coleoptera,Chrysomelidae,Deloyala,lecontei,1099034
2019,9,30,Coleoptera,Chrysomelidae,Disonycha,glabrata,2212957
2019,8,29,Coleoptera,Chrysomelidae,Trachymela,sloanei,1802108
2018,4,11,Coleoptera,Chrysomelidae,,,841526
2018,8,7,Coleoptera,Chrysomelidae,,,2420505
2019,9,7,Coleoptera,Chrysomelidae,,,2230064
2019,9,10,Coleoptera,Chrysomelidae,,,2212906
2020,4,12,Coleoptera,Chrysomelidae,,,1923420
2018,4,11,Coleoptera,Coccinellidae,Coccinella,septempunctata,841492
2019,9,14,Coleoptera,Coccinellidae,Coccinella,septempunctata,2212906
2016,2,20,Coleoptera,Coccinellidae,Hippodamia,convergens,3785
2016,2,20,Coleoptera,Coccinellidae,Hippodamia,convergens,3785
2016,4,5,Coleoptera,Coccinellidae,Hippodamia,convergens,210798
2016,4,11,Coleoptera,Coccinellidae,Hippodamia,convergens,214447
2016,4,11,Coleoptera,Coccinellidae,Hippodamia,convergens,212914
2017,3,3,Coleoptera,Coccinellidae,Hippodamia,convergens,20265
2017,11,30,Coleoptera,Coccinellidae,Hippodamia,convergens,683741
2017,11,30,Coleoptera,Coccinellidae,Hippodamia,convergens,683741
2018,4,23,Coleoptera,Coccinellidae,Hippodamia,convergens,845294
2016,4,11,Coleoptera,Coccinellidae,Olla,v-nigrum,212839
2016,4,11,Coleoptera,Coccinellidae,Olla,v-nigrum,214509
2017,4,10,Coleoptera,Coccinellidae,Olla,v-nigrum,411272
2019,3,28,Coleoptera,Coccinellidae,Olla,v-nigrum,904914
2020,4,17,Coleoptera,Coccinellidae,Olla,v-nigrum,1923420
2019,11,12,Coleoptera,Coccinellidae,Psyllobora,renifer,2408636
2016,4,7,Coleoptera,Coccinellidae,,,212125
2016,4,11,Coleoptera,Coccinellidae,,,214419
2016,4,11,Coleoptera,Coccinellidae,,,214421
2016,4,11,Coleoptera,Coccinellidae,,,214447
2016,4,11,Coleoptera,Coccinellidae,,,214437
2016,4,11,Coleoptera,Coccinellidae,,,212839
2016,4,11,Coleoptera,Coccinellidae,,,214509
2017,4,10,Coleoptera,Coccinellidae,,,390760
2017,11,30,Coleoptera,Coccinellidae,,,683741
2018,4,23,Coleoptera,Coccinellidae,,,841574
2018,4,23,Coleoptera,Coccinellidae,,,845251
2018,4,23,Coleoptera,Coccinellidae,,,845286
2018,4,23,Coleoptera,Coccinellidae,,,312304
2018,4,24,Coleoptera,Coccinellidae,,,841209
2009,9,19,Coleoptera,Curculionidae,Cactophagus,spinolae,758510
2016,8,22,Coleoptera,Curculionidae,Cactophagus,spinolae,284246
2016,8,22,Coleoptera,Curculionidae,Cactophagus,spinolae,284246
2016,8,22,Coleoptera,Curculionidae,Cactophagus,spinolae,284246
2020,3,6,Coleoptera,Curculionidae,,,2530210
2020,3,7,Coleoptera,Curculionidae,,,2626883
2020,7,23,Coleoptera,Curculionidae,,,1273752
2017,4,10,Coleoptera,Dermestidae,Anthrenus,verbasci,437666
2019,9,11,Coleoptera,Dermestidae,,,2212908
2019,7,26,Coleoptera,Elateridae,,,572152
2016,4,11,Coleoptera,Lampyridae,,,214447
2016,4,12,Coleoptera,Lampyridae,,,215235
2015,5,10,Coleoptera,Meloidae,Tegrodera,aloga,98812
2019,5,16,Coleoptera,Meloidae,Tegrodera,aloga,267154
2020,8,26,Coleoptera,Phalacridae,,,3520103
2016,8,7,Coleoptera,Scarabaeidae,Cotinis,mutabilis,284246
2016,8,7,Coleoptera,Scarabaeidae,Cotinis,mutabilis,284246
2017,7,27,Coleoptera,Scarabaeidae,Cotinis,mutabilis,518443
2018,4,23,Coleoptera,Scarabaeidae,Cotinis,mutabilis,845299
2018,4,23,Coleoptera,Scarabaeidae,Cotinis,mutabilis,886798
2018,8,10,Coleoptera,Scarabaeidae,Cotinis,mutabilis,1134422
2018,8,24,Coleoptera,Scarabaeidae,Cotinis,mutabilis,1329312
2018,10,12,Coleoptera,Scarabaeidae,Cotinis,mutabilis,1273792
2018,10,12,Coleoptera,Scarabaeidae,Cotinis,mutabilis,1273722
2018,10,12,Coleoptera,Scarabaeidae,Cotinis,mutabilis,1273771
2018,11,15,Coleoptera,Scarabaeidae,Cotinis,mutabilis,1376441
2018,11,28,Coleoptera,Scarabaeidae,Cotinis,mutabilis,1370832
2018,12,2,Coleoptera,Scarabaeidae,Cotinis,mutabilis,1370812
2019,8,6,Coleoptera,Scarabaeidae,Cotinis,mutabilis,572152
2019,8,26,Coleoptera,Scarabaeidae,Cotinis,mutabilis,2176266
2020,8,4,Coleoptera,Scarabaeidae,Cotinis,mutabilis,284685
2020,8,5,Coleoptera,Scarabaeidae,Cotinis,mutabilis,2597050
2020,8,5,Coleoptera,Scarabaeidae,Cotinis,mutabilis,3522054
2020,8,10,Coleoptera,Scarabaeidae,Cotinis,mutabilis,1424273
2020,8,11,Coleoptera,Scarabaeidae,Cotinis,mutabilis,2025917
2020,8,26,Coleoptera,Scarabaeidae,Cotinis,mutabilis,3520103
2020,8,29,Coleoptera,Scarabaeidae,Cotinis,mutabilis,3515561
2020,8,29,Coleoptera,Scarabaeidae,Cotinis,mutabilis,3551207
2020,9,1,Coleoptera,Scarabaeidae,Cotinis,mutabilis,3551719
2020,9,4,Coleoptera,Scarabaeidae,Cotinis,mutabilis,3551697
2020,9,7,Coleoptera,Scarabaeidae,Cotinis,mutabilis,3609797
2019,9,14,Coleoptera,Scarabaeidae,Hemiphileurus,illatus,2236169
2020,8,9,Coleoptera,Scarabaeidae,Hemiphileurus,illatus,2251296
2020,8,26,Coleoptera,Scarabaeidae,Hemiphileurus,illatus,3521301
2020,9,8,Coleoptera,Scarabaeidae,Tomarus,gibbosus,1879173
2016,3,15,Coleoptera,Scarabaeidae,,,197107
2017,9,26,Coleoptera,Scarabaeidae,,,597767
2017,9,26,Coleoptera,Scarabaeidae,,,597767
2019,9,5,Coleoptera,Scarabaeidae,,,2212900
2019,9,6,Coleoptera,Scarabaeidae,,,2212095
2019,9,9,Coleoptera,Scarabaeidae,,,2212972
2019,9,10,Coleoptera,Scarabaeidae,,,2212930
2019,9,15,Coleoptera,Scarabaeidae,,,2212335
2019,9,15,Coleoptera,Scarabaeidae,,,2212915
2019,10,8,Coleoptera,Scarabaeidae,,,1861843
2019,11,13,Coleoptera,Scarabaeidae,,,2438706
2020,8,22,Coleoptera,Scarabaeidae,,,2408652
2016,3,14,Coleoptera,Staphylinidae,,,197108
2018,8,23,Coleoptera,Tenebrionidae,Cryptoglossa,variolosa,904914
2017,11,30,Coleoptera,Tenebrionidae,Eusattus,reticulatus,683741
2018,10,7,Coleoptera,Tenebrionidae,,,1159055
2019,9,9,Coleoptera,Tenebrionidae,,,2212741
2019,9,14,Coleoptera,Tenebrionidae,,,2180944
2019,11,6,Coleoptera,Tenebrionidae,,,2317842
2019,12,5,Coleoptera,Tenebrionidae,,,2251296
2020,4,24,Coleoptera,Tenebrionidae,,,2837043
2020,7,30,Coleoptera,Tenebrionidae,,,1923420
2020,8,22,Coleoptera,Tenebrionidae,,,2408652
2016,3,14,Coleoptera,,,,197104
2016,3,14,Coleoptera,,,,197106
2016,3,14,Coleoptera,,,,197107
2016,3,15,Coleoptera,,,,197106
2016,4,11,Coleoptera,,,,212914
2016,4,12,Coleoptera,,,,210801
2017,4,10,Coleoptera,,,,446857
2017,11,28,Coleoptera,,,,719230
2017,11,28,Coleoptera,,,,719230
2017,11,30,Coleoptera,,,,683741
2018,4,11,Coleoptera,,,,843766
2018,4,11,Coleoptera,,,,845286
2018,4,11,Coleoptera,,,,843766
2018,4,22,Coleoptera,,,,849103
2018,9,4,Coleoptera,,,,904914
2018,10,29,Coleoptera,,,,1370833
2018,10,30,Coleoptera,,,,1273733
2019,9,9,Coleoptera,,,,2263422
2019,9,10,Coleoptera,,,,2240371
2019,11,13,Coleoptera,,,,2438706
2020,7,6,Coleoptera,,,,1923420
2020,7,24,Coleoptera,,,,1429837
2020,9,21,Coleoptera,,,,3653125
2016,4,11,Dermaptera,Anisolabididae,Euborellia,annulipes,214425
2016,4,12,Dermaptera,Anisolabididae,Euborellia,annulipes,215235
2019,9,9,Dermaptera,Anisolabididae,Euborellia,annulipes,2216981
2017,4,19,Dermaptera,Anisolabididae,,,455318
2019,11,6,Dermaptera,,,,2408669
2020,8,26,Dermaptera,,,,3522887
2008,7,6,Diptera,Asilidae,,,3785
2019,11,13,Diptera,Asilidae,,,2438706
2020,7,10,Diptera,Asilidae,,,2408653
2020,7,15,Diptera,Asilidae,,,1923420
2019,9,12,Diptera,Bibionidae,Plecia,nearctica,2263488
2019,9,4,Diptera,Bombyliidae,Xenox,habrosus,2213476
2017,9,22,Diptera,Bombyliidae,,,597767
2018,10,8,Diptera,Bombyliidae,,,1264441
2019,7,15,Diptera,Bombyliidae,,,2122967
2019,9,12,Diptera,Bombyliidae,,,2243496
2020,3,20,Diptera,Bombyliidae,,,2835847
2020,5,19,Diptera,Bombyliidae,,,1009557
2020,9,21,Diptera,Bombyliidae,,,3515484
2016,3,15,Diptera,Calliphoridae,,,197105
2018,4,23,Diptera,Chloropidae,,,845251
2020,4,15,Diptera,Chloropidae,,,1923420
2019,9,11,Diptera,Culicidae,Aedes,aegypti,2247474
2018,12,2,Diptera,Culicidae,,,1273715
2019,6,18,Diptera,Culicidae,,,1030791
2020,9,9,Diptera,Culicidae,,,3522054
2017,9,22,Diptera,Dolichopodidae,,,640752
2017,9,22,Diptera,Dolichopodidae,,,597767
2019,9,13,Diptera,Dolichopodidae,,,2231715
2019,9,13,Diptera,Dolichopodidae,,,2253039
2019,9,14,Diptera,Dolichopodidae,,,2250855
2018,11,29,Diptera,Muscidae,Musca,domestica,1372388
2019,9,6,Diptera,Muscidae,Musca,domestica,2212884
2020,9,17,Diptera,Muscidae,Musca,domestica,3546723
2016,4,11,Diptera,Muscidae,,,214447
2017,3,22,Diptera,Muscidae,,,391058
2017,4,12,Diptera,Muscidae,,,448920
2019,5,10,Diptera,Muscidae,,,284246
2019,9,8,Diptera,Muscidae,,,2230632
2019,9,8,Diptera,Muscidae,,,2230632
2020,8,28,Diptera,Muscidae,,,3522054
2018,12,21,Diptera,Neriidae,,,284246
2017,4,12,Diptera,Sarcophagidae,,,442325
2018,4,11,Diptera,Sarcophagidae,,,844166
2018,10,17,Diptera,Sarcophagidae,,,1273775
2018,11,20,Diptera,Sarcophagidae,,,1273678
2019,9,11,Diptera,Sarcophagidae,,,2243496
2019,11,6,Diptera,Sciaridae,,,2408653
2019,9,15,Diptera,Stratiomyidae,Hermetia,concinna,2212947
2019,11,9,Diptera,Syrphidae,Copestylum,mexicanum,2408657
2016,10,21,Diptera,Syrphidae,Dioprosopa,clavata,359549
2017,4,12,Diptera,Syrphidae,Eupeodes,fumipennis,446521
2017,4,12,Diptera,Syrphidae,,,449066
2017,4,12,Diptera,Syrphidae,,,443529
2020,3,17,Diptera,Tipulidae,Tipula,paludosa,2632859
2016,3,16,Diptera,Tipulidae,,,197104
2019,3,15,Diptera,Tipulidae,,,572152
2020,3,6,Diptera,Tipulidae,,,2626918
2020,3,6,Diptera,Tipulidae,,,2668119
2016,3,15,Diptera,,,,197071
2016,3,15,Diptera,,,,197066
2016,4,7,Diptera,,,,210733
2016,4,11,Diptera,,,,214437
2016,4,11,Diptera,,,,212839
2016,4,13,Diptera,,,,212918
2016,9,22,Diptera,,,,85726
2017,3,20,Diptera,,,,391058
2017,4,12,Diptera,,,,446985
2017,4,12,Diptera,,,,448920
2017,4,12,Diptera,,,,449091
2017,4,22,Diptera,,,,392181
2018,3,28,Diptera,,,,779537
2018,4,11,Diptera,,,,841492
2018,4,11,Diptera,,,,845269
2018,4,11,Diptera,,,,841624
2018,4,23,Diptera,,,,841116
2018,4,23,Diptera,,,,845286
2018,4,23,Diptera,,,,841253
2018,4,23,Diptera,,,,312304
2018,4,23,Diptera,,,,841477
2018,4,23,Diptera,,,,842953
2018,4,23,Diptera,,,,889446
2018,4,23,Diptera,,,,841249
2018,5,7,Diptera,,,,886730
2018,5,8,Diptera,,,,856465
2018,5,10,Diptera,,,,823704
2018,5,10,Diptera,,,,856465
2018,11,29,Diptera,,,,1370848
2018,11,30,Diptera,,,,1306058
2018,11,30,Diptera,,,,1368221
2018,11,30,Diptera,,,,1373618
2018,12,2,Diptera,,,,1348727
2018,12,3,Diptera,,,,1376395
2019,3,22,Diptera,,,,21718
2019,4,15,Diptera,,,,921004
2019,4,15,Diptera,,,,921004
2019,4,15,Diptera,,,,921004
2019,9,6,Diptera,,,,2216981
2019,9,7,Diptera,,,,2219673
2019,9,7,Diptera,,,,2212950
2019,9,12,Diptera,,,,2240371
2019,9,13,Diptera,,,,2212895
2019,10,31,Diptera,,,,2408644
2019,11,6,Diptera,,,,2317842
2019,11,8,Diptera,,,,2398063
2019,11,8,Diptera,,,,2398063
2019,11,12,Diptera,,,,2408636
2019,12,30,Diptera,,,,739147
2020,2,26,Diptera,,,,2697064
2020,3,4,Diptera,,,,2474731
2020,3,6,Diptera,,,,2530210
2020,3,7,Diptera,,,,2626883
2020,3,20,Diptera,,,,2835847
2020,7,10,Diptera,,,,1923420
2020,8,16,Embiidina,Oligotomidae,Oligotoma,nigra,2251296
2020,4,25,Embiidina,Oligotomidae,,,1140282
2019,4,28,Hemiptera,Alydidae,,,572152
2020,5,30,Hemiptera,Alydidae,,,751963
2016,7,20,Hemiptera,Aphididae,Aphis,nerii,21718
2016,11,30,Hemiptera,Aphididae,Aphis,nerii,376957
2017,9,22,Hemiptera,Aphididae,Aphis,nerii,597767
2017,10,16,Hemiptera,Aphididae,Aphis,nerii,600003
2016,4,11,Hemiptera,Aphididae,,,212839
2020,9,12,Hemiptera,Cicadellidae,Homalodisca,liturata,3623441
2016,3,16,Hemiptera,Cicadellidae,,,197106
2020,7,6,Hemiptera,Cicadidae,Diceroprocta,apache,2251296
2008,7,9,Hemiptera,Cicadidae,Diceroprocta,semicincta,3785
2016,7,21,Hemiptera,Cicadidae,,,21718
2017,7,4,Hemiptera,Cicadidae,,,21718
2018,6,21,Hemiptera,Cicadidae,,,904914
2018,11,29,Hemiptera,Cicadidae,,,1356600
2019,6,20,Hemiptera,Cicadidae,,,797968
2020,6,24,Hemiptera,Cicadidae,,,2251296
2020,7,9,Hemiptera,Cicadidae,,,1923420
2020,9,10,Hemiptera,Cicadidae,,,1422807
2018,12,3,Hemiptera,Cimicidae,Cimex,lectularius,1378098
2018,12,6,Hemiptera,Coreidae,Leptoglossus,zonatus,904914
2019,11,8,Hemiptera,Coreidae,Leptoglossus,zonatus,2408646
2020,8,27,Hemiptera,Coreidae,Leptoglossus,zonatus,3515561
2017,8,21,Hemiptera,Coreidae,Mozena,arizonensis,437879
2018,4,30,Hemiptera,Coreidae,Mozena,arizonensis,841105
2020,4,19,Hemiptera,Coreidae,Mozena,buenoi,2251296
2018,4,11,Hemiptera,Coreidae,Narnia,femorata,845315
2018,4,11,Hemiptera,Coreidae,Narnia,femorata,844131
2018,12,2,Hemiptera,Coreidae,Narnia,femorata,1370812
2016,6,24,Hemiptera,Coreidae,Thasus,neocalifornicus,21718
2016,6,24,Hemiptera,Coreidae,Thasus,neocalifornicus,232369
2016,9,2,Hemiptera,Coreidae,Thasus,neocalifornicus,287211
2017,6,21,Hemiptera,Coreidae,Thasus,neocalifornicus,272756
2017,10,14,Hemiptera,Coreidae,Thasus,neocalifornicus,841386
2017,11,28,Hemiptera,Coreidae,Thasus,neocalifornicus,719230
2017,11,28,Hemiptera,Coreidae,Thasus,neocalifornicus,719230
2017,11,28,Hemiptera,Coreidae,Thasus,neocalifornicus,719230
2018,9,10,Hemiptera,Coreidae,Thasus,neocalifornicus,904914
2019,6,7,Hemiptera,Coreidae,Thasus,neocalifornicus,1211338
2019,6,13,Hemiptera,Coreidae,Thasus,neocalifornicus,1705161
2019,8,21,Hemiptera,Coreidae,Thasus,neocalifornicus,597767
2019,9,5,Hemiptera,Coreidae,Thasus,neocalifornicus,2234090
2019,9,5,Hemiptera,Coreidae,Thasus,neocalifornicus,2176266
2019,9,6,Hemiptera,Coreidae,Thasus,neocalifornicus,2212939
2019,9,7,Hemiptera,Coreidae,Thasus,neocalifornicus,2180944
2019,9,7,Hemiptera,Coreidae,Thasus,neocalifornicus,2212891
2019,9,8,Hemiptera,Coreidae,Thasus,neocalifornicus,2219673
2019,9,10,Hemiptera,Coreidae,Thasus,neocalifornicus,2212095
2019,9,23,Hemiptera,Coreidae,Thasus,neocalifornicus,2212955
2020,5,24,Hemiptera,Coreidae,Thasus,neocalifornicus,2933794
2020,8,16,Hemiptera,Coreidae,Thasus,neocalifornicus,3496892
2020,8,26,Hemiptera,Coreidae,Thasus,neocalifornicus,3519929
2020,8,27,Hemiptera,Coreidae,Thasus,neocalifornicus,3522054
2020,9,3,Hemiptera,Coreidae,Thasus,neocalifornicus,1422807
2020,9,4,Hemiptera,Coreidae,Thasus,neocalifornicus,3581827
2017,4,12,Hemiptera,Coreidae,,,448971
2017,4,12,Hemiptera,Coreidae,,,449022
2017,4,12,Hemiptera,Coreidae,,,449066
2017,4,12,Hemiptera,Coreidae,,,447011
2017,4,12,Hemiptera,Coreidae,,,449087
2017,4,12,Hemiptera,Coreidae,,,448523
2017,4,12,Hemiptera,Coreidae,,,446985
2017,4,12,Hemiptera,Coreidae,,,437666
2017,4,12,Hemiptera,Coreidae,,,447009
2017,4,12,Hemiptera,Coreidae,,,449087
2017,4,12,Hemiptera,Coreidae,,,446482
2017,4,30,Hemiptera,Coreidae,,,437748
2018,4,11,Hemiptera,Coreidae,,,841116
2018,4,11,Hemiptera,Coreidae,,,842086
2018,4,11,Hemiptera,Coreidae,,,845269
2018,4,11,Hemiptera,Coreidae,,,844166
2018,4,11,Hemiptera,Coreidae,,,841253
2018,4,11,Hemiptera,Coreidae,,,845315
2018,4,11,Hemiptera,Coreidae,,,842086
2018,4,11,Hemiptera,Coreidae,,,841253
2018,4,11,Hemiptera,Coreidae,,,845294
2018,4,11,Hemiptera,Coreidae,,,841492
2018,4,11,Hemiptera,Coreidae,,,841526
2018,4,11,Hemiptera,Coreidae,,,844078
2018,4,11,Hemiptera,Coreidae,,,841526
2018,4,11,Hemiptera,Coreidae,,,843766
2018,4,11,Hemiptera,Coreidae,,,844853
2018,4,11,Hemiptera,Coreidae,,,886851
2018,6,8,Hemiptera,Coreidae,,,284685
2018,10,17,Hemiptera,Coreidae,,,1264441
2018,12,4,Hemiptera,Coreidae,,,1379482
2019,5,28,Hemiptera,Coreidae,,,526494
2019,6,6,Hemiptera,Coreidae,,,1977541
2019,9,5,Hemiptera,Coreidae,,,2213476
2019,9,6,Hemiptera,Coreidae,,,2213402
2019,9,6,Hemiptera,Coreidae,,,2212925
2019,9,13,Hemiptera,Coreidae,,,2223736
2019,9,15,Hemiptera,Coreidae,,,2235641
2020,2,28,Hemiptera,Coreidae,,,2438706
2020,7,3,Hemiptera,Coreidae,,,2408653
2020,7,10,Hemiptera,Coreidae,,,1923420
2020,7,10,Hemiptera,Coreidae,,,1923420
2020,7,25,Hemiptera,Coreidae,,,1923420
2020,8,25,Hemiptera,Coreidae,,,555180
2020,9,18,Hemiptera,Coreidae,,,3522054
2016,4,14,Hemiptera,Dactylopiidae,Dactylopius,coccus,212187
2017,9,22,Hemiptera,Dactylopiidae,Dactylopius,coccus,21718
2018,12,3,Hemiptera,Dactylopiidae,Dactylopius,coccus,1273696
2014,2,18,Hemiptera,Dactylopiidae,,,3785
2016,3,15,Hemiptera,Dactylopiidae,,,197106
2017,7,24,Hemiptera,Dactylopiidae,,,133205
2018,10,12,Hemiptera,Dactylopiidae,,,1273748
2018,12,3,Hemiptera,Dactylopiidae,,,1378400
2018,12,3,Hemiptera,Dactylopiidae,,,1378400
2019,8,28,Hemiptera,Dactylopiidae,,,2176266
2019,9,25,Hemiptera,Dactylopiidae,,,2305111
2019,9,25,Hemiptera,Dactylopiidae,,,2305111
2020,8,17,Hemiptera,Dactylopiidae,,,3496892
2019,5,8,Hemiptera,Largidae,Largus,succinctus,572152
2019,11,13,Hemiptera,Largidae,,,2438706
2020,3,11,Hemiptera,Largidae,,,526494
2020,8,16,Hemiptera,Largidae,,,3496892
2020,9,1,Hemiptera,Largidae,,,3522054
2018,10,3,Hemiptera,Lygaeidae,Lygaeus,kalmii,904914
2019,4,25,Hemiptera,Lygaeidae,Lygaeus,kalmii,1637089
2019,9,8,Hemiptera,Lygaeidae,Lygaeus,kalmii,1923420
2019,9,12,Hemiptera,Lygaeidae,Lygaeus,kalmii,2263488
2020,8,26,Hemiptera,Lygaeidae,Lygaeus,kalmii,3515561
2020,8,29,Hemiptera,Lygaeidae,Lygaeus,kalmii,3623441
2020,9,11,Hemiptera,Lygaeidae,Lygaeus,kalmii,3521301
2018,4,23,Hemiptera,Lygaeidae,Lygaeus,reclivatus,888494
2016,4,7,Hemiptera,Lygaeidae,Melacoryphus,lateralis,210809
2020,9,5,Hemiptera,Lygaeidae,Melacoryphus,rubicollis,3522054
2016,7,20,Hemiptera,Lygaeidae,Oncopeltus,fasciatus,21718
2017,4,28,Hemiptera,Lygaeidae,Oncopeltus,fasciatus,390829
2017,9,26,Hemiptera,Lygaeidae,Oncopeltus,fasciatus,597767
2017,10,16,Hemiptera,Lygaeidae,Oncopeltus,fasciatus,600003
2017,10,17,Hemiptera,Lygaeidae,Oncopeltus,fasciatus,600003
2017,11,30,Hemiptera,Lygaeidae,Oncopeltus,fasciatus,683741
2018,4,24,Hemiptera,Lygaeidae,Oncopeltus,fasciatus,841101
2019,5,30,Hemiptera,Lygaeidae,Oncopeltus,fasciatus,232369
2019,11,12,Hemiptera,Lygaeidae,Oncopeltus,fasciatus,2408648
2020,7,15,Hemiptera,Lygaeidae,Oncopeltus,fasciatus,3482649
2019,5,1,Hemiptera,Lygaeidae,Xyonysius,californicus,441364
2019,4,21,Hemiptera,Lygaeidae,,,572152
2020,7,15,Hemiptera,Lygaeidae,,,3482649
2020,9,4,Hemiptera,Lygaeidae,,,3591708
2020,9,12,Hemiptera,Lygaeidae,,,3546723
2018,4,23,Hemiptera,Membracidae,,,845251
2018,4,23,Hemiptera,Membracidae,,,845251
2018,4,23,Hemiptera,Membracidae,,,845251
2016,3,16,Hemiptera,Miridae,,,197106
2016,4,5,Hemiptera,Miridae,,,210789
2016,4,11,Hemiptera,Miridae,,,214418
2016,4,11,Hemiptera,Miridae,,,212839
2016,4,11,Hemiptera,Miridae,,,212914
2016,4,11,Hemiptera,Miridae,,,212914
2018,4,13,Hemiptera,Miridae,,,841499
2018,4,13,Hemiptera,Miridae,,,719230
2018,5,10,Hemiptera,Miridae,,,863686
2020,4,30,Hemiptera,Miridae,,,1923420
2018,11,29,Hemiptera,Notonectidae,,,1368014
2019,5,24,Hemiptera,Pentatomidae,Chlorochroa,uhleri,572152
2016,4,11,Hemiptera,Pentatomidae,,,214410
2017,4,12,Hemiptera,Pentatomidae,,,447037
2017,6,19,Hemiptera,Pentatomidae,,,526494
2018,11,5,Hemiptera,Pentatomidae,,,1355203
2019,9,12,Hemiptera,Pentatomidae,,,2212898
2019,9,12,Hemiptera,Pentatomidae,,,2235641
2020,8,16,Hemiptera,Pentatomidae,,,3496892
2015,10,29,Hemiptera,Reduviidae,Zelus,renardii,148338
2018,10,18,Hemiptera,Reduviidae,Zelus,renardii,1273752
2020,9,18,Hemiptera,Reduviidae,Zelus,tetracanthus,3546723
2017,4,12,Hemiptera,Reduviidae,,,446985
2017,4,13,Hemiptera,Reduviidae,,,437666
2018,4,11,Hemiptera,Reduviidae,,,312304
2018,4,11,Hemiptera,Reduviidae,,,844329
2018,4,11,Hemiptera,Reduviidae,,,841249
2019,5,3,Hemiptera,Reduviidae,,,284246
2019,5,25,Hemiptera,Reduviidae,,,572152
2019,9,25,Hemiptera,Rhopalidae,,,2305111
2016,3,15,Hemiptera,Rhyparochromidae,,,197060
2016,3,15,Hemiptera,Rhyparochromidae,,,197075
2018,2,17,Hemiptera,Rhyparochromidae,,,767933
2018,4,11,Hemiptera,Thyreocoridae,,,841526
2016,4,11,Hemiptera,,,,212839
2017,4,12,Hemiptera,,,,446482
2018,4,11,Hemiptera,,,,312304
2018,4,11,Hemiptera,,,,843766
2019,9,9,Hemiptera,,,,2213547
2020,3,14,Hemiptera,,,,2626865
2020,4,16,Hemiptera,,,,1923420
2020,5,23,Hemiptera,,,,1899221
2020,7,27,Hemiptera,,,,1923420
2020,9,18,Hemiptera,,,,3515561
2020,9,19,Hemiptera,,,,3515561
2020,9,21,Hemiptera,,,,3515561
2017,4,12,Hymenoptera,Apidae,Anthophora,californica,437666
2017,4,12,Hymenoptera,Apidae,Anthophora,californica,448869
2019,9,10,Hymenoptera,Apidae,Anthophora,californica,2239270
2019,9,15,Hymenoptera,Apidae,Anthophora,californica,2263620
2020,4,16,Hymenoptera,Apidae,Anthophora,californica,2777825
2015,10,29,Hymenoptera,Apidae,Apis,mellifera,125503
2015,10,29,Hymenoptera,Apidae,Apis,mellifera,125495
2015,10,29,Hymenoptera,Apidae,Apis,mellifera,73174
2016,3,14,Hymenoptera,Apidae,Apis,mellifera,197116
2016,3,14,Hymenoptera,Apidae,Apis,mellifera,197106
2016,3,15,Hymenoptera,Apidae,Apis,mellifera,197116
2016,3,15,Hymenoptera,Apidae,Apis,mellifera,197116
2016,3,15,Hymenoptera,Apidae,Apis,mellifera,197104
2016,3,15,Hymenoptera,Apidae,Apis,mellifera,197113
2016,3,15,Hymenoptera,Apidae,Apis,mellifera,197065
2016,3,15,Hymenoptera,Apidae,Apis,mellifera,197106
2016,3,16,Hymenoptera,Apidae,Apis,mellifera,181333
2016,4,7,Hymenoptera,Apidae,Apis,mellifera,206804
2016,4,7,Hymenoptera,Apidae,Apis,mellifera,210733
2016,4,11,Hymenoptera,Apidae,Apis,mellifera,181181
2016,4,12,Hymenoptera,Apidae,Apis,mellifera,215235
2016,4,12,Hymenoptera,Apidae,Apis,mellifera,210812
2016,4,13,Hymenoptera,Apidae,Apis,mellifera,212752
2016,7,21,Hymenoptera,Apidae,Apis,mellifera,21718
2016,11,30,Hymenoptera,Apidae,Apis,mellifera,6600
2016,11,30,Hymenoptera,Apidae,Apis,mellifera,376969
2016,11,30,Hymenoptera,Apidae,Apis,mellifera,376957
2016,11,30,Hymenoptera,Apidae,Apis,mellifera,376959
2017,3,10,Hymenoptera,Apidae,Apis,mellifera,400431
2017,3,10,Hymenoptera,Apidae,Apis,mellifera,421603
2017,3,10,Hymenoptera,Apidae,Apis,mellifera,392181
2017,3,22,Hymenoptera,Apidae,Apis,mellifera,401619
2017,4,10,Hymenoptera,Apidae,Apis,mellifera,447007
2017,4,12,Hymenoptera,Apidae,Apis,mellifera,446331
2017,4,12,Hymenoptera,Apidae,Apis,mellifera,448415
2017,4,12,Hymenoptera,Apidae,Apis,mellifera,448979
2017,4,12,Hymenoptera,Apidae,Apis,mellifera,448415
2017,4,12,Hymenoptera,Apidae,Apis,mellifera,448291
2017,4,12,Hymenoptera,Apidae,Apis,mellifera,442325
2017,4,12,Hymenoptera,Apidae,Apis,mellifera,449091
2017,4,12,Hymenoptera,Apidae,Apis,mellifera,446236
2017,4,12,Hymenoptera,Apidae,Apis,mellifera,449110
2017,4,12,Hymenoptera,Apidae,Apis,mellifera,440611
2017,4,12,Hymenoptera,Apidae,Apis,mellifera,442764
2017,4,12,Hymenoptera,Apidae,Apis,mellifera,446985
2017,4,12,Hymenoptera,Apidae,Apis,mellifera,442764
2017,4,12,Hymenoptera,Apidae,Apis,mellifera,437666
2017,4,12,Hymenoptera,Apidae,Apis,mellifera,449103
2017,4,12,Hymenoptera,Apidae,Apis,mellifera,450200
2017,4,13,Hymenoptera,Apidae,Apis,mellifera,21718
2017,4,13,Hymenoptera,Apidae,Apis,mellifera,404479
2017,4,13,Hymenoptera,Apidae,Apis,mellifera,447093
2017,4,24,Hymenoptera,Apidae,Apis,mellifera,460280
2017,5,5,Hymenoptera,Apidae,Apis,mellifera,450200
2017,7,4,Hymenoptera,Apidae,Apis,mellifera,21718
2018,3,12,Hymenoptera,Apidae,Apis,mellifera,888494
2018,3,20,Hymenoptera,Apidae,Apis,mellifera,791853
2018,4,11,Hymenoptera,Apidae,Apis,mellifera,845269
2018,4,11,Hymenoptera,Apidae,Apis,mellifera,841477
2018,4,11,Hymenoptera,Apidae,Apis,mellifera,842953
2018,4,11,Hymenoptera,Apidae,Apis,mellifera,841116
2018,4,11,Hymenoptera,Apidae,Apis,mellifera,844078
2018,4,11,Hymenoptera,Apidae,Apis,mellifera,844131
2018,4,11,Hymenoptera,Apidae,Apis,mellifera,843664
2018,4,11,Hymenoptera,Apidae,Apis,mellifera,845315
2018,4,11,Hymenoptera,Apidae,Apis,mellifera,845208
2018,4,11,Hymenoptera,Apidae,Apis,mellifera,843766
2018,4,11,Hymenoptera,Apidae,Apis,mellifera,844078
2018,4,11,Hymenoptera,Apidae,Apis,mellifera,844166
2018,4,11,Hymenoptera,Apidae,Apis,mellifera,841526
2018,4,11,Hymenoptera,Apidae,Apis,mellifera,844329
2018,4,11,Hymenoptera,Apidae,Apis,mellifera,843766
2018,4,11,Hymenoptera,Apidae,Apis,mellifera,841526
2018,4,11,Hymenoptera,Apidae,Apis,mellifera,841624
2018,4,16,Hymenoptera,Apidae,Apis,mellifera,841101
2018,4,21,Hymenoptera,Apidae,Apis,mellifera,845294
2018,4,23,Hymenoptera,Apidae,Apis,mellifera,312304
2018,4,23,Hymenoptera,Apidae,Apis,mellifera,841492
2018,4,23,Hymenoptera,Apidae,Apis,mellifera,886798
2018,4,23,Hymenoptera,Apidae,Apis,mellifera,844853
2018,4,24,Hymenoptera,Apidae,Apis,mellifera,856439
2018,5,10,Hymenoptera,Apidae,Apis,mellifera,856465
2018,5,10,Hymenoptera,Apidae,Apis,mellifera,863686
2018,10,12,Hymenoptera,Apidae,Apis,mellifera,1273722
2018,10,12,Hymenoptera,Apidae,Apis,mellifera,1273771
2018,10,12,Hymenoptera,Apidae,Apis,mellifera,1376441
2018,10,24,Hymenoptera,Apidae,Apis,mellifera,1273752
2018,11,5,Hymenoptera,Apidae,Apis,mellifera,1162965
2018,11,13,Hymenoptera,Apidae,Apis,mellifera,1273789
2018,11,27,Hymenoptera,Apidae,Apis,mellifera,1370731
2018,11,28,Hymenoptera,Apidae,Apis,mellifera,1306058
2018,11,29,Hymenoptera,Apidae,Apis,mellifera,1273740
2018,11,30,Hymenoptera,Apidae,Apis,mellifera,1370848
2018,11,30,Hymenoptera,Apidae,Apis,mellifera,1273721
2018,11,30,Hymenoptera,Apidae,Apis,mellifera,1369421
2018,11,30,Hymenoptera,Apidae,Apis,mellifera,1273733
2018,11,30,Hymenoptera,Apidae,Apis,mellifera,1370848
2018,12,1,Hymenoptera,Apidae,Apis,mellifera,1375082
2018,12,2,Hymenoptera,Apidae,Apis,mellifera,1376395
2018,12,5,Hymenoptera,Apidae,Apis,mellifera,1380715
2019,5,31,Hymenoptera,Apidae,Apis,mellifera,1030791
2019,6,24,Hymenoptera,Apidae,Apis,mellifera,1977541
2019,9,4,Hymenoptera,Apidae,Apis,mellifera,2212957
2019,9,5,Hymenoptera,Apidae,Apis,mellifera,2213547
2019,9,5,Hymenoptera,Apidae,Apis,mellifera,2213989
2019,9,6,Hymenoptera,Apidae,Apis,mellifera,2213476
2019,9,8,Hymenoptera,Apidae,Apis,mellifera,2212893
2019,9,9,Hymenoptera,Apidae,Apis,mellifera,2212953
2019,9,9,Hymenoptera,Apidae,Apis,mellifera,2213064
2019,9,9,Hymenoptera,Apidae,Apis,mellifera,2212882
2019,9,9,Hymenoptera,Apidae,Apis,mellifera,2262053
2019,9,10,Hymenoptera,Apidae,Apis,mellifera,2212971
2019,9,10,Hymenoptera,Apidae,Apis,mellifera,1948815
2019,9,10,Hymenoptera,Apidae,Apis,mellifera,2212950
2019,9,10,Hymenoptera,Apidae,Apis,mellifera,2212900
2019,9,11,Hymenoptera,Apidae,Apis,mellifera,2219029
2019,9,11,Hymenoptera,Apidae,Apis,mellifera,2212909
2019,9,11,Hymenoptera,Apidae,Apis,mellifera,2247474
2019,9,11,Hymenoptera,Apidae,Apis,mellifera,2243496
2019,9,11,Hymenoptera,Apidae,Apis,mellifera,2212972
2019,9,11,Hymenoptera,Apidae,Apis,mellifera,2263469
2019,9,12,Hymenoptera,Apidae,Apis,mellifera,2213725
2019,9,12,Hymenoptera,Apidae,Apis,mellifera,2239223
2019,9,12,Hymenoptera,Apidae,Apis,mellifera,2248200
2019,9,12,Hymenoptera,Apidae,Apis,mellifera,2243549
2019,9,12,Hymenoptera,Apidae,Apis,mellifera,2248561
2019,9,12,Hymenoptera,Apidae,Apis,mellifera,2248722
2019,9,13,Hymenoptera,Apidae,Apis,mellifera,2231715
2019,9,13,Hymenoptera,Apidae,Apis,mellifera,2212335
2019,9,13,Hymenoptera,Apidae,Apis,mellifera,2212954
2019,9,13,Hymenoptera,Apidae,Apis,mellifera,2212954
2019,9,14,Hymenoptera,Apidae,Apis,mellifera,2250855
2019,9,14,Hymenoptera,Apidae,Apis,mellifera,2223736
2019,9,15,Hymenoptera,Apidae,Apis,mellifera,2214274
2019,9,25,Hymenoptera,Apidae,Apis,mellifera,2305111
2019,9,25,Hymenoptera,Apidae,Apis,mellifera,2305111
2019,9,25,Hymenoptera,Apidae,Apis,mellifera,2305111
2019,10,31,Hymenoptera,Apidae,Apis,mellifera,2408644
2019,10,31,Hymenoptera,Apidae,Apis,mellifera,2408646
2019,11,5,Hymenoptera,Apidae,Apis,mellifera,1356621
2019,11,6,Hymenoptera,Apidae,Apis,mellifera,2317842
2019,11,8,Hymenoptera,Apidae,Apis,mellifera,2408657
2019,11,9,Hymenoptera,Apidae,Apis,mellifera,2408657
2020,3,6,Hymenoptera,Apidae,Apis,mellifera,2530210
2020,3,14,Hymenoptera,Apidae,Apis,mellifera,2626865
2020,4,24,Hymenoptera,Apidae,Apis,mellifera,2837043
2020,8,26,Hymenoptera,Apidae,Apis,mellifera,3521301
2020,8,31,Hymenoptera,Apidae,Apis,mellifera,3515561
2020,9,14,Hymenoptera,Apidae,Apis,mellifera,3517728
2018,12,3,Hymenoptera,Apidae,Bombus,sonorus,1279617
2015,9,15,Hymenoptera,Apidae,Xylocopa,californica,134443
2015,10,12,Hymenoptera,Apidae,Xylocopa,californica,134443
2016,2,27,Hymenoptera,Apidae,Xylocopa,californica,134443
2018,5,23,Hymenoptera,Apidae,Xylocopa,californica,579856
2019,9,4,Hymenoptera,Apidae,Xylocopa,californica,2212957
2019,9,4,Hymenoptera,Apidae,Xylocopa,californica,2244181
2019,9,4,Hymenoptera,Apidae,Xylocopa,californica,2247423
2019,9,4,Hymenoptera,Apidae,Xylocopa,californica,2263469
2019,9,5,Hymenoptera,Apidae,Xylocopa,californica,2212884
2019,9,5,Hymenoptera,Apidae,Xylocopa,californica,2239223
2019,9,6,Hymenoptera,Apidae,Xylocopa,californica,2212890
2019,9,10,Hymenoptera,Apidae,Xylocopa,californica,2242947
2019,9,11,Hymenoptera,Apidae,Xylocopa,californica,2247474
2019,9,11,Hymenoptera,Apidae,Xylocopa,californica,2247474
2019,9,11,Hymenoptera,Apidae,Xylocopa,californica,2247474
2019,9,11,Hymenoptera,Apidae,Xylocopa,californica,2242947
2019,9,11,Hymenoptera,Apidae,Xylocopa,californica,2263024
2019,9,12,Hymenoptera,Apidae,Xylocopa,californica,2212898
2019,9,12,Hymenoptera,Apidae,Xylocopa,californica,2248200
2019,9,13,Hymenoptera,Apidae,Xylocopa,californica,2231715
2019,9,13,Hymenoptera,Apidae,Xylocopa,californica,2253039
2019,9,13,Hymenoptera,Apidae,Xylocopa,californica,2212335
2019,9,15,Hymenoptera,Apidae,Xylocopa,californica,2263620
2020,8,13,Hymenoptera,Apidae,Xylocopa,californica,3457719
2020,8,27,Hymenoptera,Apidae,Xylocopa,californica,3551207
2020,9,6,Hymenoptera,Apidae,Xylocopa,californica,3551450
2020,9,7,Hymenoptera,Apidae,Xylocopa,californica,3522054
2020,9,21,Hymenoptera,Apidae,Xylocopa,californica,3551697
2020,9,21,Hymenoptera,Apidae,Xylocopa,californica,3551697
2018,10,19,Hymenoptera,Apidae,Xylocopa,mexicanorum,1273752
2015,7,1,Hymenoptera,Apidae,Xylocopa,sonorina,597767
2018,4,21,Hymenoptera,Apidae,Xylocopa,sonorina,845294
2018,8,23,Hymenoptera,Apidae,Xylocopa,sonorina,1329312
2019,9,11,Hymenoptera,Apidae,Xylocopa,sonorina,2213153
2019,12,12,Hymenoptera,Apidae,Xylocopa,sonorina,1923420
2020,3,6,Hymenoptera,Apidae,Xylocopa,sonorina,1250319
2020,3,7,Hymenoptera,Apidae,Xylocopa,sonorina,2626883
2020,3,17,Hymenoptera,Apidae,Xylocopa,sonorina,2626873
2016,8,25,Hymenoptera,Apidae,,,294324
2016,9,2,Hymenoptera,Apidae,,,21718
2017,4,10,Hymenoptera,Apidae,,,446856
2017,4,10,Hymenoptera,Apidae,,,446856
2017,4,12,Hymenoptera,Apidae,,,441578
2017,4,12,Hymenoptera,Apidae,,,446247
2017,4,12,Hymenoptera,Apidae,,,449022
2017,4,12,Hymenoptera,Apidae,,,443529
2017,4,12,Hymenoptera,Apidae,,,446521
2017,7,16,Hymenoptera,Apidae,,,518008
2017,11,3,Hymenoptera,Apidae,,,600003
2018,3,11,Hymenoptera,Apidae,,,745585
2018,3,19,Hymenoptera,Apidae,,,579856
2018,3,21,Hymenoptera,Apidae,,,791853
2018,4,11,Hymenoptera,Apidae,,,845294
2018,4,22,Hymenoptera,Apidae,,,841110
2018,4,30,Hymenoptera,Apidae,,,845113
2018,5,1,Hymenoptera,Apidae,,,844282
2018,9,4,Hymenoptera,Apidae,,,904914
2019,9,4,Hymenoptera,Apidae,,,2213206
2019,9,4,Hymenoptera,Apidae,,,2213963
2019,9,4,Hymenoptera,Apidae,,,2246805
2019,9,6,Hymenoptera,Apidae,,,2223736
2019,9,6,Hymenoptera,Apidae,,,2234016
2019,9,6,Hymenoptera,Apidae,,,2234016
2019,9,6,Hymenoptera,Apidae,,,2234016
2019,9,9,Hymenoptera,Apidae,,,2213064
2019,9,9,Hymenoptera,Apidae,,,2212971
2019,9,9,Hymenoptera,Apidae,,,2262053
2019,9,9,Hymenoptera,Apidae,,,2213054
2019,9,10,Hymenoptera,Apidae,,,2213547
2019,9,11,Hymenoptera,Apidae,,,2213725
2019,9,11,Hymenoptera,Apidae,,,2219029
2019,9,11,Hymenoptera,Apidae,,,2212907
2019,9,11,Hymenoptera,Apidae,,,2212907
2019,9,11,Hymenoptera,Apidae,,,2247474
2019,9,11,Hymenoptera,Apidae,,,2247474
2019,9,11,Hymenoptera,Apidae,,,2247474
2019,9,11,Hymenoptera,Apidae,,,2212895
2019,9,12,Hymenoptera,Apidae,,,2248561
2019,9,12,Hymenoptera,Apidae,,,2248722
2019,9,13,Hymenoptera,Apidae,,,2250861
2019,9,14,Hymenoptera,Apidae,,,2263095
2019,9,16,Hymenoptera,Apidae,,,2266567
2019,9,25,Hymenoptera,Apidae,,,2305111
2019,11,19,Hymenoptera,Apidae,,,2408647
2020,3,7,Hymenoptera,Apidae,,,805798
2020,4,16,Hymenoptera,Apidae,,,2777825
2020,7,27,Hymenoptera,Apidae,,,1923420
2020,8,25,Hymenoptera,Apidae,,,3515561
2020,8,26,Hymenoptera,Apidae,,,3482649
2020,9,1,Hymenoptera,Apidae,,,3546723
2020,9,8,Hymenoptera,Apidae,,,3482649
2020,5,5,Hymenoptera,Braconidae,,,1923420
2017,9,22,Hymenoptera,Crabronidae,Bicyrtes,viduatus,597767
2019,9,9,Hymenoptera,Crabronidae,Bicyrtes,viduatus,2176266
2019,9,12,Hymenoptera,Crabronidae,Bicyrtes,viduatus,2212909
2019,10,22,Hymenoptera,Cynipidae,Andricus,quercuslanigera,1923420
2020,2,18,Hymenoptera,Cynipidae,Andricus,quercuslanigera,1923420
2020,3,24,Hymenoptera,Cynipidae,Andricus,quercuslanigera,1802108
2020,5,5,Hymenoptera,Cynipidae,,,1923420
2020,8,7,Hymenoptera,Evaniidae,,,493312
2020,9,6,Hymenoptera,Evaniidae,,,3522054
2015,10,29,Hymenoptera,Formicidae,Acromyrmex,versicolor,125503
2016,4,12,Hymenoptera,Formicidae,Acromyrmex,versicolor,215290
2017,4,3,Hymenoptera,Formicidae,Acromyrmex,versicolor,421599
2018,11,21,Hymenoptera,Formicidae,Acromyrmex,versicolor,1292419
2019,9,15,Hymenoptera,Formicidae,Acromyrmex,versicolor,2263620
2019,9,10,Hymenoptera,Formicidae,Camponotus,festinatus,2234090
2019,9,10,Hymenoptera,Formicidae,Camponotus,festinatus,2239270
2019,9,16,Hymenoptera,Formicidae,Linepithema,humile,2266567
2019,9,16,Hymenoptera,Formicidae,Linepithema,humile,2266567
2019,9,16,Hymenoptera,Formicidae,Linepithema,humile,2266567
2019,11,8,Hymenoptera,Formicidae,Linepithema,humile,2398063
2018,11,30,Hymenoptera,Formicidae,Novomessor,albisetosus,1373618
2018,11,24,Hymenoptera,Formicidae,Novomessor,cockerelli,1365676
2016,4,14,Hymenoptera,Formicidae,Odontomachus,clarus,210733
2016,9,22,Hymenoptera,Formicidae,Odontomachus,clarus,351963
2018,9,21,Hymenoptera,Formicidae,Odontomachus,clarus,904914
2018,10,1,Hymenoptera,Formicidae,Odontomachus,clarus,904914
2018,12,3,Hymenoptera,Formicidae,Odontomachus,clarus,1377940
2018,12,5,Hymenoptera,Formicidae,Odontomachus,clarus,1376649
2019,9,4,Hymenoptera,Formicidae,Odontomachus,clarus,2213989
2020,9,16,Hymenoptera,Formicidae,Pogonomyrmex,californicus,3522054
2019,3,31,Hymenoptera,Formicidae,Pogonomyrmex,maricopa,2420505
2017,11,28,Hymenoptera,Formicidae,Pogonomyrmex,rugosus,719230
2018,11,27,Hymenoptera,Formicidae,Pogonomyrmex,rugosus,1369421
2019,9,6,Hymenoptera,Formicidae,Pogonomyrmex,rugosus,2212894
2019,11,2,Hymenoptera,Formicidae,Pogonomyrmex,rugosus,2408644
2019,11,8,Hymenoptera,Formicidae,Pogonomyrmex,rugosus,2408657
2020,9,10,Hymenoptera,Formicidae,Pogonomyrmex,rugosus,3520103
2016,4,7,Hymenoptera,Formicidae,Solenopsis,xyloni,210733
2016,4,12,Hymenoptera,Formicidae,Solenopsis,xyloni,206804
2016,4,12,Hymenoptera,Formicidae,Solenopsis,xyloni,212772
2018,5,10,Hymenoptera,Formicidae,Solenopsis,xyloni,863686
2018,10,18,Hymenoptera,Formicidae,Veromessor,pergandei,1301525
2011,8,20,Hymenoptera,Formicidae,,,1385644
2015,10,29,Hymenoptera,Formicidae,,,125503
2016,3,14,Hymenoptera,Formicidae,,,197060
2016,3,14,Hymenoptera,Formicidae,,,197073
2016,3,14,Hymenoptera,Formicidae,,,197071
2016,3,14,Hymenoptera,Formicidae,,,197105
2016,3,14,Hymenoptera,Formicidae,,,197115
2016,3,14,Hymenoptera,Formicidae,,,197107
2016,3,15,Hymenoptera,Formicidae,,,197064
2016,3,15,Hymenoptera,Formicidae,,,197112
2016,3,15,Hymenoptera,Formicidae,,,197104
2016,3,16,Hymenoptera,Formicidae,,,197066
2016,3,16,Hymenoptera,Formicidae,,,197105
2016,3,16,Hymenoptera,Formicidae,,,197106
2016,4,5,Hymenoptera,Formicidae,,,210797
2016,4,7,Hymenoptera,Formicidae,,,210798
2016,4,11,Hymenoptera,Formicidae,,,214434
2016,4,11,Hymenoptera,Formicidae,,,214434
2016,4,11,Hymenoptera,Formicidae,,,214434
2016,4,11,Hymenoptera,Formicidae,,,112869
2016,4,11,Hymenoptera,Formicidae,,,214447
2016,4,11,Hymenoptera,Formicidae,,,214447
2016,4,11,Hymenoptera,Formicidae,,,214437
2016,4,11,Hymenoptera,Formicidae,,,214421
2016,4,11,Hymenoptera,Formicidae,,,214447
2016,4,11,Hymenoptera,Formicidae,,,212742
2016,4,11,Hymenoptera,Formicidae,,,212839
2016,4,11,Hymenoptera,Formicidae,,,212839
2016,4,11,Hymenoptera,Formicidae,,,214509
2016,4,11,Hymenoptera,Formicidae,,,214456
2016,4,12,Hymenoptera,Formicidae,,,210801
2016,4,13,Hymenoptera,Formicidae,,,212914
2016,4,13,Hymenoptera,Formicidae,,,214654
2016,4,13,Hymenoptera,Formicidae,,,212921
2016,8,6,Hymenoptera,Formicidae,,,284783
2017,4,10,Hymenoptera,Formicidae,,,440383
2017,4,10,Hymenoptera,Formicidae,,,446860
2017,4,10,Hymenoptera,Formicidae,,,443192
2017,4,10,Hymenoptera,Formicidae,,,446860
2017,4,27,Hymenoptera,Formicidae,,,437748
2017,6,28,Hymenoptera,Formicidae,,,21718
2017,8,23,Hymenoptera,Formicidae,,,490159
2017,11,30,Hymenoptera,Formicidae,,,683741
2018,4,11,Hymenoptera,Formicidae,,,842953
2018,4,11,Hymenoptera,Formicidae,,,844282
2018,4,13,Hymenoptera,Formicidae,,,719230
2018,4,13,Hymenoptera,Formicidae,,,683741
2018,4,22,Hymenoptera,Formicidae,,,849103
2018,4,23,Hymenoptera,Formicidae,,,312304
2018,4,23,Hymenoptera,Formicidae,,,886798
2018,4,24,Hymenoptera,Formicidae,,,834511
2018,4,24,Hymenoptera,Formicidae,,,863102
2018,4,24,Hymenoptera,Formicidae,,,834511
2018,4,24,Hymenoptera,Formicidae,,,841209
2018,4,30,Hymenoptera,Formicidae,,,929143
2018,5,8,Hymenoptera,Formicidae,,,855551
2018,5,10,Hymenoptera,Formicidae,,,856465
2018,5,10,Hymenoptera,Formicidae,,,856439
2018,5,10,Hymenoptera,Formicidae,,,863677
2018,5,10,Hymenoptera,Formicidae,,,863686
2018,9,6,Hymenoptera,Formicidae,,,1189161
2018,11,22,Hymenoptera,Formicidae,,,1378241
2018,11,30,Hymenoptera,Formicidae,,,1370848
2018,11,30,Hymenoptera,Formicidae,,,1370848
2018,11,30,Hymenoptera,Formicidae,,,1370731
2018,12,1,Hymenoptera,Formicidae,,,1375082
2018,12,1,Hymenoptera,Formicidae,,,1348727
2018,12,3,Hymenoptera,Formicidae,,,1279617
2018,12,3,Hymenoptera,Formicidae,,,1376395
2018,12,5,Hymenoptera,Formicidae,,,1376649
2019,2,4,Hymenoptera,Formicidae,,,1452040
2019,2,4,Hymenoptera,Formicidae,,,1452040
2019,9,4,Hymenoptera,Formicidae,,,2212957
2019,9,5,Hymenoptera,Formicidae,,,2216981
2019,9,9,Hymenoptera,Formicidae,,,2235163
2019,9,9,Hymenoptera,Formicidae,,,2242947
2019,9,9,Hymenoptera,Formicidae,,,2242947
2019,9,10,Hymenoptera,Formicidae,,,2234090
2019,9,10,Hymenoptera,Formicidae,,,2239136
2019,9,11,Hymenoptera,Formicidae,,,2248838
2019,9,12,Hymenoptera,Formicidae,,,2221640
2019,9,15,Hymenoptera,Formicidae,,,2212911
2019,9,15,Hymenoptera,Formicidae,,,2251296
2019,9,16,Hymenoptera,Formicidae,,,2240939
2019,11,5,Hymenoptera,Formicidae,,,2419667
2020,4,14,Hymenoptera,Formicidae,,,2777825
2020,8,21,Hymenoptera,Formicidae,,,3457719
2020,8,26,Hymenoptera,Formicidae,,,3515485
2020,8,26,Hymenoptera,Formicidae,,,3521301
2020,9,1,Hymenoptera,Formicidae,,,555180
2020,9,2,Hymenoptera,Formicidae,,,3515645
2020,9,10,Hymenoptera,Formicidae,,,3520103
2017,10,16,Hymenoptera,Halictidae,Agapostemon,melliventris,600003
2017,4,12,Hymenoptera,Ichneumonidae,,,448971
2020,7,6,Hymenoptera,Ichneumonidae,,,1923420
2017,4,12,Hymenoptera,Megachilidae,,,439943
2017,4,12,Hymenoptera,Megachilidae,,,447037
2017,4,12,Hymenoptera,Megachilidae,,,449043
2017,4,12,Hymenoptera,Megachilidae,,,437879
2017,4,12,Hymenoptera,Megachilidae,,,448413
2018,4,23,Hymenoptera,Megachilidae,,,312304
2018,5,3,Hymenoptera,Megachilidae,,,284685
2019,4,15,Hymenoptera,Megachilidae,,,284685
2020,3,6,Hymenoptera,Megachilidae,,,2698754
2018,11,30,Hymenoptera,Mutillidae,Dasymutilla,foxi,1373618
2020,7,25,Hymenoptera,Pompilidae,Pepsis,mildei,1923420
2017,7,13,Hymenoptera,Pompilidae,Pepsis,thisbe,526494
2019,7,10,Hymenoptera,Pompilidae,Pepsis,thisbe,579856
2019,7,10,Hymenoptera,Pompilidae,Pepsis,thisbe,3214487
2015,9,15,Hymenoptera,Pompilidae,,,134443
2016,7,28,Hymenoptera,Pompilidae,,,21718
2016,8,24,Hymenoptera,Pompilidae,,,134443
2017,9,13,Hymenoptera,Pompilidae,,,284685
2017,10,25,Hymenoptera,Pompilidae,,,600003
2019,5,31,Hymenoptera,Pompilidae,,,1030791
2019,9,6,Hymenoptera,Pompilidae,,,2213402
2019,9,18,Hymenoptera,Pompilidae,,,2436400
2020,7,9,Hymenoptera,Pompilidae,,,1923420
2020,7,9,Hymenoptera,Pompilidae,,,1923420
2020,7,15,Hymenoptera,Pompilidae,,,3482649
2020,7,20,Hymenoptera,Pompilidae,,,2176266
2020,9,10,Hymenoptera,Pompilidae,,,3515561
2020,7,12,Hymenoptera,Scoliidae,,,2317842
2020,6,12,Hymenoptera,Sphecidae,Chlorion,aerarium,1879173
2019,9,9,Hymenoptera,Sphecidae,Sceliphron,caementarium,2213547
2019,9,6,Hymenoptera,Sphecidae,,,2212898
2019,9,12,Hymenoptera,Sphecidae,,,2243549
2019,9,14,Hymenoptera,Sphecidae,,,2212891
2019,11,19,Hymenoptera,Sphecidae,,,2408647
2019,9,10,Hymenoptera,Vespidae,Pachodynerus,guadulpensis,2230064
2016,4,12,Hymenoptera,Vespidae,Polistes,arizonensis,215290
2017,4,12,Hymenoptera,Vespidae,Polistes,arizonensis,446521
2017,4,12,Hymenoptera,Vespidae,Polistes,arizonensis,437666
2017,4,12,Hymenoptera,Vespidae,Polistes,arizonensis,437879
2017,4,12,Hymenoptera,Vespidae,Polistes,arizonensis,449098
2017,4,28,Hymenoptera,Vespidae,Polistes,arizonensis,390829
2018,4,11,Hymenoptera,Vespidae,Polistes,arizonensis,843664
2018,4,11,Hymenoptera,Vespidae,Polistes,arizonensis,844329
2018,4,11,Hymenoptera,Vespidae,Polistes,arizonensis,844078
2018,4,11,Hymenoptera,Vespidae,Polistes,arizonensis,843423
2018,4,11,Hymenoptera,Vespidae,Polistes,arizonensis,844853
2018,6,2,Hymenoptera,Vespidae,Polistes,arizonensis,941175
2018,11,5,Hymenoptera,Vespidae,Polistes,arizonensis,1355203
2019,9,4,Hymenoptera,Vespidae,Polistes,arizonensis,2212957
2019,9,5,Hymenoptera,Vespidae,Polistes,arizonensis,2176266
2019,9,10,Hymenoptera,Vespidae,Polistes,arizonensis,2212882
2019,9,10,Hymenoptera,Vespidae,Polistes,arizonensis,2212971
2019,9,10,Hymenoptera,Vespidae,Polistes,arizonensis,1948815
2019,9,11,Hymenoptera,Vespidae,Polistes,arizonensis,2212898
2019,9,11,Hymenoptera,Vespidae,Polistes,arizonensis,2219029
2019,9,11,Hymenoptera,Vespidae,Polistes,arizonensis,2213153
2019,9,15,Hymenoptera,Vespidae,Polistes,arizonensis,2212947
2020,3,7,Hymenoptera,Vespidae,Polistes,arizonensis,805798
2020,8,31,Hymenoptera,Vespidae,Polistes,arizonensis,3551450
2017,4,12,Hymenoptera,Vespidae,Polistes,aurifer,448018
2017,4,12,Hymenoptera,Vespidae,Polistes,aurifer,442325
2017,4,12,Hymenoptera,Vespidae,Polistes,aurifer,440420
2017,4,12,Hymenoptera,Vespidae,Polistes,aurifer,449091
2017,4,12,Hymenoptera,Vespidae,Polistes,aurifer,446331
2017,4,14,Hymenoptera,Vespidae,Polistes,aurifer,448018
2017,6,1,Hymenoptera,Vespidae,Polistes,aurifer,81261
2018,4,11,Hymenoptera,Vespidae,Polistes,aurifer,845315
2018,5,9,Hymenoptera,Vespidae,Polistes,aurifer,886730
2018,5,10,Hymenoptera,Vespidae,Polistes,aurifer,863686
2019,9,9,Hymenoptera,Vespidae,Polistes,aurifer,2240428
2019,9,11,Hymenoptera,Vespidae,Polistes,aurifer,2213725
2019,10,7,Hymenoptera,Vespidae,Polistes,aurifer,2212957
2020,3,7,Hymenoptera,Vespidae,Polistes,aurifer,2626883
2020,5,20,Hymenoptera,Vespidae,Polistes,aurifer,284685
2020,8,10,Hymenoptera,Vespidae,Polistes,aurifer,2025917
2020,8,26,Hymenoptera,Vespidae,Polistes,aurifer,3521301
2008,7,15,Hymenoptera,Vespidae,Polistes,flavus,3785
2017,4,12,Hymenoptera,Vespidae,,,448415
2017,4,12,Hymenoptera,Vespidae,,,447037
2017,4,12,Hymenoptera,Vespidae,,,449103
2017,4,12,Hymenoptera,Vespidae,,,449110
2017,4,12,Hymenoptera,Vespidae,,,448979
2018,5,10,Hymenoptera,Vespidae,,,856439
2018,11,8,Hymenoptera,Vespidae,,,1309048
2018,11,29,Hymenoptera,Vespidae,,,1369493
2019,9,12,Hymenoptera,Vespidae,,,2230632
2019,9,12,Hymenoptera,Vespidae,,,2248722
2019,9,13,Hymenoptera,Vespidae,,,2231715
2019,9,25,Hymenoptera,Vespidae,,,2212950
2019,12,14,Hymenoptera,Vespidae,,,2317842
2020,3,6,Hymenoptera,Vespidae,,,2698754
2020,3,7,Hymenoptera,Vespidae,,,2854972
2020,6,22,Hymenoptera,Vespidae,,,2251296
2020,8,23,Hymenoptera,Vespidae,,,3482649
2020,8,25,Hymenoptera,Vespidae,,,3515561
2020,8,31,Hymenoptera,Vespidae,,,3591708
2020,9,18,Hymenoptera,Vespidae,,,3551697
2015,10,29,Hymenoptera,,,,84403
2016,3,14,Hymenoptera,,,,197070
2016,3,14,Hymenoptera,,,,197114
2016,3,14,Hymenoptera,,,,197105
2016,4,5,Hymenoptera,,,,216757
2016,4,11,Hymenoptera,,,,214495
2016,9,26,Hymenoptera,,,,21718
2017,4,12,Hymenoptera,,,,449091
2017,4,12,Hymenoptera,,,,442325
2017,4,12,Hymenoptera,,,,448987
2017,4,12,Hymenoptera,,,,440611
2017,4,12,Hymenoptera,,,,446236
2017,4,12,Hymenoptera,,,,443529
2017,4,12,Hymenoptera,,,,441578
2017,4,12,Hymenoptera,,,,448979
2017,4,12,Hymenoptera,,,,437715
2017,4,12,Hymenoptera,,,,447093
2017,4,12,Hymenoptera,,,,449022
2017,4,12,Hymenoptera,,,,448413
2017,4,12,Hymenoptera,,,,446247
2017,4,12,Hymenoptera,,,,448987
2017,4,12,Hymenoptera,,,,448018
2017,4,12,Hymenoptera,,,,448979
2017,4,12,Hymenoptera,,,,449091
2017,4,12,Hymenoptera,,,,449043
2017,4,12,Hymenoptera,,,,449098
2017,4,12,Hymenoptera,,,,447037
2017,4,12,Hymenoptera,,,,443529
2017,4,12,Hymenoptera,,,,437748
2017,4,12,Hymenoptera,,,,449043
2017,4,12,Hymenoptera,,,,437715
2017,4,12,Hymenoptera,,,,448920
2017,4,12,Hymenoptera,,,,449098
2017,4,12,Hymenoptera,,,,449064
2017,4,12,Hymenoptera,,,,449188
2017,4,12,Hymenoptera,,,,449093
2017,9,22,Hymenoptera,,,,597767
2017,9,22,Hymenoptera,,,,597767
2017,9,26,Hymenoptera,,,,597767
2018,4,11,Hymenoptera,,,,841598
2018,4,11,Hymenoptera,,,,841598
2018,4,11,Hymenoptera,,,,841495
2018,4,11,Hymenoptera,,,,841495
2018,4,11,Hymenoptera,,,,312304
2018,4,11,Hymenoptera,,,,844078
2018,4,12,Hymenoptera,,,,844282
2018,4,23,Hymenoptera,,,,845269
2018,4,23,Hymenoptera,,,,889446
2018,5,10,Hymenoptera,,,,863669
2018,12,3,Hymenoptera,,,,1377940
2019,3,31,Hymenoptera,,,,284685
2019,7,10,Hymenoptera,,,,1977541
2019,9,9,Hymenoptera,,,,2239270
2019,9,11,Hymenoptera,,,,2240371
2019,9,16,Hymenoptera,,,,2266567
2019,11,12,Hymenoptera,,,,2408636
2020,4,15,Hymenoptera,,,,1923420
2020,5,11,Hymenoptera,,,,2949402
2020,7,9,Hymenoptera,,,,1923420
2020,7,9,Hymenoptera,,,,1923420
2020,7,10,Hymenoptera,,,,1923420
2020,7,10,Hymenoptera,,,,1923420
2020,7,27,Hymenoptera,,,,1923420
2020,8,26,Hymenoptera,,,,3517599
2020,6,5,Lepidoptera,Crambidae,Pyrausta,laticlavia,572152
2018,11,9,Lepidoptera,Crambidae,Uresiphita,reversalis,904914
2018,11,15,Lepidoptera,Crambidae,Uresiphita,reversalis,1189161
2020,5,12,Lepidoptera,Crambidae,Uresiphita,reversalis,2955195
2016,4,12,Lepidoptera,Erebidae,Bulia,deducta,210780
2018,4,30,Lepidoptera,Erebidae,Caenurgina,erechtea,929143
2019,9,8,Lepidoptera,Erebidae,Forsebia,cinis,2212925
2020,6,24,Lepidoptera,Erebidae,Forsebia,cinis,2251296
2018,4,11,Lepidoptera,Erebidae,,,844131
2018,4,11,Lepidoptera,Erebidae,,,843423
2019,9,13,Lepidoptera,Erebidae,,,2212757
2020,3,7,Lepidoptera,Erebidae,,,805798
2016,4,8,Lepidoptera,Geometridae,,,215290
2016,4,11,Lepidoptera,Geometridae,,,214458
2016,4,14,Lepidoptera,Geometridae,,,210733
2018,4,11,Lepidoptera,Geometridae,,,841477
2018,4,11,Lepidoptera,Geometridae,,,842953
2018,4,11,Lepidoptera,Geometridae,,,843664
2018,4,11,Lepidoptera,Geometridae,,,844131
2018,5,6,Lepidoptera,Geometridae,,,841386
2018,5,9,Lepidoptera,Geometridae,,,863232
2018,11,14,Lepidoptera,Geometridae,,,1273752
2018,12,12,Lepidoptera,Geometridae,,,1368452
2019,4,13,Lepidoptera,Geometridae,,,572152
2018,4,23,Lepidoptera,Hesperiidae,Copaeodes,aurantiaca,841477
2018,4,23,Lepidoptera,Hesperiidae,Copaeodes,aurantiaca,312304
2018,4,23,Lepidoptera,Hesperiidae,Copaeodes,aurantiaca,845013
2020,5,5,Lepidoptera,Hesperiidae,Copaeodes,aurantiaca,1923420
2017,9,26,Lepidoptera,Hesperiidae,Erynnis,funeralis,597767
2008,10,18,Lepidoptera,Hesperiidae,Hylephila,phyleus,3785
2016,7,25,Lepidoptera,Hesperiidae,Hylephila,phyleus,21718
2017,4,12,Lepidoptera,Hesperiidae,Hylephila,phyleus,442764
2017,4,12,Lepidoptera,Hesperiidae,Hylephila,phyleus,442325
2017,4,12,Lepidoptera,Hesperiidae,Hylephila,phyleus,440611
2017,4,12,Lepidoptera,Hesperiidae,Hylephila,phyleus,447037
2017,4,14,Lepidoptera,Hesperiidae,Hylephila,phyleus,446482
2017,7,4,Lepidoptera,Hesperiidae,Hylephila,phyleus,21718
2017,9,22,Lepidoptera,Hesperiidae,Hylephila,phyleus,597767
2017,9,26,Lepidoptera,Hesperiidae,Hylephila,phyleus,597767
2017,9,26,Lepidoptera,Hesperiidae,Hylephila,phyleus,597767
2018,4,11,Lepidoptera,Hesperiidae,Hylephila,phyleus,841126
2018,4,11,Lepidoptera,Hesperiidae,Hylephila,phyleus,841249
2019,8,26,Lepidoptera,Hesperiidae,Hylephila,phyleus,2212957
2019,9,5,Lepidoptera,Hesperiidae,Hylephila,phyleus,2212884
2020,8,10,Lepidoptera,Hesperiidae,Hylephila,phyleus,1424273
2017,7,4,Lepidoptera,Hesperiidae,Lerodea,eufala,232369
2016,4,11,Lepidoptera,Hesperiidae,,,214495
2016,4,12,Lepidoptera,Hesperiidae,,,215211
2017,4,12,Lepidoptera,Hesperiidae,,,446247
2017,4,12,Lepidoptera,Hesperiidae,,,449091
2017,4,14,Lepidoptera,Hesperiidae,,,446482
2017,7,4,Lepidoptera,Hesperiidae,,,21718
2017,9,26,Lepidoptera,Hesperiidae,,,597767
2018,4,23,Lepidoptera,Hesperiidae,,,845299
2016,11,30,Lepidoptera,Lycaenidae,Brephidium,exilis,21718
2016,11,30,Lepidoptera,Lycaenidae,Brephidium,exilis,376957
2016,11,30,Lepidoptera,Lycaenidae,Brephidium,exilis,376959
2017,9,21,Lepidoptera,Lycaenidae,Brephidium,exilis,597767
2018,11,2,Lepidoptera,Lycaenidae,Brephidium,exilis,572152
2016,11,30,Lepidoptera,Lycaenidae,Echinargus,isola,21718
2017,9,21,Lepidoptera,Lycaenidae,Echinargus,isola,597767
2016,6,3,Lepidoptera,Lycaenidae,Leptotes,marina,232369
2017,4,12,Lepidoptera,Lycaenidae,Leptotes,marina,437715
2017,4,26,Lepidoptera,Lycaenidae,Leptotes,marina,449188
2017,6,1,Lepidoptera,Lycaenidae,Leptotes,marina,81261
2017,9,18,Lepidoptera,Lycaenidae,Leptotes,marina,597767
2017,9,21,Lepidoptera,Lycaenidae,Leptotes,marina,597767
2017,9,22,Lepidoptera,Lycaenidae,Leptotes,marina,597767
2017,9,26,Lepidoptera,Lycaenidae,Leptotes,marina,597767
2018,4,23,Lepidoptera,Lycaenidae,Leptotes,marina,842953
2018,4,23,Lepidoptera,Lycaenidae,Leptotes,marina,844282
2018,4,23,Lepidoptera,Lycaenidae,Leptotes,marina,841477
2018,4,23,Lepidoptera,Lycaenidae,Leptotes,marina,312304
2018,4,23,Lepidoptera,Lycaenidae,Leptotes,marina,312304
2018,10,24,Lepidoptera,Lycaenidae,Leptotes,marina,1273752
2019,11,8,Lepidoptera,Lycaenidae,Leptotes,marina,2408657
2017,5,4,Lepidoptera,Lycaenidae,Strymon,melinus,232369
2017,9,22,Lepidoptera,Lycaenidae,Strymon,melinus,597767
2016,11,30,Lepidoptera,Lycaenidae,,,376969
2016,11,30,Lepidoptera,Lycaenidae,,,376959
2017,4,12,Lepidoptera,Lycaenidae,,,449043
2017,4,13,Lepidoptera,Lycaenidae,,,437666
2017,4,10,Lepidoptera,Noctuidae,Cobubatha,lixiva,409665
2017,8,26,Lepidoptera,Noctuidae,Euscirrhopterus,cosyra,572152
2017,1,27,Lepidoptera,Noctuidae,Noctua,pronuba,1329312
2019,9,16,Lepidoptera,Noctuidae,Spodoptera,exigua,2248838
2019,3,23,Lepidoptera,Noctuidae,Trichoplusia,ni,572152
2016,4,11,Lepidoptera,Noctuidae,,,214437
2016,4,11,Lepidoptera,Noctuidae,,,214418
2017,4,23,Lepidoptera,Noctuidae,,,437666
2019,10,21,Lepidoptera,Noctuidae,,,2212957
2020,4,16,Lepidoptera,Noctuidae,,,2854972
2020,4,24,Lepidoptera,Noctuidae,,,2837043
2020,9,3,Lepidoptera,Noctuidae,,,3515540
2016,10,3,Lepidoptera,Nymphalidae,Agraulis,vanillae,321455
2015,3,12,Lepidoptera,Nymphalidae,Anthanassa,texana,104316
2017,4,12,Lepidoptera,Nymphalidae,Anthanassa,texana,449087
2017,4,21,Lepidoptera,Nymphalidae,Anthanassa,texana,449103
2017,4,21,Lepidoptera,Nymphalidae,Anthanassa,texana,460280
2017,6,1,Lepidoptera,Nymphalidae,Anthanassa,texana,81261
2020,3,7,Lepidoptera,Nymphalidae,Anthanassa,texana,805798
2020,6,25,Lepidoptera,Nymphalidae,Anthanassa,texana,2251296
2020,8,10,Lepidoptera,Nymphalidae,Asterocampa,celtis,1424273
2020,8,13,Lepidoptera,Nymphalidae,Asterocampa,celtis,284246
2018,11,13,Lepidoptera,Nymphalidae,Chlosyne,lacinia,1273789
2016,11,30,Lepidoptera,Nymphalidae,Danaus,gilippus,6600
2016,11,30,Lepidoptera,Nymphalidae,Danaus,gilippus,21718
2016,11,30,Lepidoptera,Nymphalidae,Danaus,gilippus,376969
2017,7,28,Lepidoptera,Nymphalidae,Danaus,gilippus,551673
2017,8,21,Lepidoptera,Nymphalidae,Danaus,gilippus,21718
2017,9,22,Lepidoptera,Nymphalidae,Danaus,gilippus,597767
2017,9,22,Lepidoptera,Nymphalidae,Danaus,gilippus,597767
2017,9,24,Lepidoptera,Nymphalidae,Danaus,gilippus,841386
2017,10,16,Lepidoptera,Nymphalidae,Danaus,gilippus,600003
2017,10,17,Lepidoptera,Nymphalidae,Danaus,gilippus,600003
2017,10,17,Lepidoptera,Nymphalidae,Danaus,gilippus,600003
2017,10,25,Lepidoptera,Nymphalidae,Danaus,gilippus,600003
2018,8,30,Lepidoptera,Nymphalidae,Danaus,gilippus,904914
2018,10,15,Lepidoptera,Nymphalidae,Danaus,gilippus,1264441
2018,11,3,Lepidoptera,Nymphalidae,Danaus,gilippus,572152
2019,2,8,Lepidoptera,Nymphalidae,Danaus,gilippus,1356621
2019,3,29,Lepidoptera,Nymphalidae,Danaus,gilippus,831224
2019,9,11,Lepidoptera,Nymphalidae,Danaus,gilippus,2212895
2019,9,11,Lepidoptera,Nymphalidae,Danaus,gilippus,2213153
2019,9,12,Lepidoptera,Nymphalidae,Danaus,gilippus,2263024
2019,10,10,Lepidoptera,Nymphalidae,Danaus,gilippus,2251296
2019,11,12,Lepidoptera,Nymphalidae,Danaus,gilippus,2408669
2020,2,29,Lepidoptera,Nymphalidae,Danaus,gilippus,442615
2020,8,26,Lepidoptera,Nymphalidae,Danaus,gilippus,1029844
2020,9,21,Lepidoptera,Nymphalidae,Danaus,gilippus,3515561
2018,10,12,Lepidoptera,Nymphalidae,Danaus,plexippus,1273722
2018,10,12,Lepidoptera,Nymphalidae,Danaus,plexippus,1273795
2018,10,12,Lepidoptera,Nymphalidae,Danaus,plexippus,1273712
2018,10,12,Lepidoptera,Nymphalidae,Danaus,plexippus,1189161
2018,10,12,Lepidoptera,Nymphalidae,Danaus,plexippus,1324169
2018,10,29,Lepidoptera,Nymphalidae,Danaus,plexippus,579856
2018,12,2,Lepidoptera,Nymphalidae,Danaus,plexippus,63638
2019,1,25,Lepidoptera,Nymphalidae,Danaus,plexippus,232369
2019,4,8,Lepidoptera,Nymphalidae,Danaus,plexippus,232369
2019,9,2,Lepidoptera,Nymphalidae,Danaus,plexippus,2408669
2019,11,1,Lepidoptera,Nymphalidae,Danaus,plexippus,1356621
2019,12,4,Lepidoptera,Nymphalidae,Danaus,plexippus,232369
2020,3,14,Lepidoptera,Nymphalidae,Danaus,plexippus,512348
2020,4,17,Lepidoptera,Nymphalidae,Danaus,plexippus,1923420
2020,8,10,Lepidoptera,Nymphalidae,Danaus,plexippus,1424273
2020,4,24,Lepidoptera,Nymphalidae,Junonia,coenia,2626873
2017,9,22,Lepidoptera,Nymphalidae,Libytheana,carinenta,597767
2018,9,29,Lepidoptera,Nymphalidae,Libytheana,carinenta,572152
2018,10,9,Lepidoptera,Nymphalidae,Libytheana,carinenta,904914
2018,10,12,Lepidoptera,Nymphalidae,Libytheana,carinenta,904914
2018,12,3,Lepidoptera,Nymphalidae,Libytheana,carinenta,1273752
2017,4,10,Lepidoptera,Nymphalidae,Vanessa,cardui,411143
2017,4,12,Lepidoptera,Nymphalidae,Vanessa,cardui,439943
2017,4,12,Lepidoptera,Nymphalidae,Vanessa,cardui,437715
2017,4,12,Lepidoptera,Nymphalidae,Vanessa,cardui,448415
2017,4,12,Lepidoptera,Nymphalidae,Vanessa,cardui,446331
2017,4,12,Lepidoptera,Nymphalidae,Vanessa,cardui,443529
2017,4,12,Lepidoptera,Nymphalidae,Vanessa,cardui,440611
2017,4,12,Lepidoptera,Nymphalidae,Vanessa,cardui,449064
2017,4,12,Lepidoptera,Nymphalidae,Vanessa,cardui,449022
2017,4,12,Lepidoptera,Nymphalidae,Vanessa,cardui,439943
2017,4,12,Lepidoptera,Nymphalidae,Vanessa,cardui,449115
2017,4,12,Lepidoptera,Nymphalidae,Vanessa,cardui,448018
2017,4,12,Lepidoptera,Nymphalidae,Vanessa,cardui,437666
2017,4,12,Lepidoptera,Nymphalidae,Vanessa,cardui,437879
2017,4,12,Lepidoptera,Nymphalidae,Vanessa,cardui,446236
2017,4,12,Lepidoptera,Nymphalidae,Vanessa,cardui,448018
2017,4,13,Lepidoptera,Nymphalidae,Vanessa,cardui,449103
2017,4,13,Lepidoptera,Nymphalidae,Vanessa,cardui,437666
2017,4,14,Lepidoptera,Nymphalidae,Vanessa,cardui,446482
2017,9,22,Lepidoptera,Nymphalidae,Vanessa,cardui,278739
2017,9,22,Lepidoptera,Nymphalidae,Vanessa,cardui,597767
2017,9,22,Lepidoptera,Nymphalidae,Vanessa,cardui,597767
2017,9,26,Lepidoptera,Nymphalidae,Vanessa,cardui,597767
2017,11,17,Lepidoptera,Nymphalidae,Vanessa,cardui,600003
2017,11,28,Lepidoptera,Nymphalidae,Vanessa,cardui,841386
2018,12,1,Lepidoptera,Nymphalidae,Vanessa,cardui,1380715
2019,9,4,Lepidoptera,Nymphalidae,Vanessa,cardui,2212957
2019,9,4,Lepidoptera,Nymphalidae,Vanessa,cardui,2212959
2017,4,10,Lepidoptera,Nymphalidae,Vanessa,virginiensis,443192
2016,11,19,Lepidoptera,Nymphalidae,,,331062
2017,4,12,Lepidoptera,Nymphalidae,,,449022
2017,4,12,Lepidoptera,Nymphalidae,,,448869
2017,11,28,Lepidoptera,Nymphalidae,,,719230
2018,10,12,Lepidoptera,Nymphalidae,,,1310104
2020,8,8,Lepidoptera,Nymphalidae,,,2251296
2018,9,12,Lepidoptera,Papilionidae,Battus,philenor,579856
2019,3,19,Lepidoptera,Papilionidae,Battus,philenor,296672
2019,9,4,Lepidoptera,Papilionidae,Battus,philenor,2212957
2014,10,3,Lepidoptera,Papilionidae,Papilio,polyxenes,52181
2016,6,29,Lepidoptera,Papilionidae,Papilio,polyxenes,21718
2019,9,13,Lepidoptera,Papilionidae,Papilio,polyxenes,2264217
2019,9,14,Lepidoptera,Papilionidae,Papilio,polyxenes,2264217
2020,5,6,Lepidoptera,Papilionidae,Papilio,polyxenes,284685
2016,3,16,Lepidoptera,Papilionidae,Papilio,rumiko,197112
2016,10,30,Lepidoptera,Papilionidae,Papilio,rumiko,287211
2017,4,12,Lepidoptera,Papilionidae,Papilio,rumiko,437666
2017,4,13,Lepidoptera,Papilionidae,Papilio,rumiko,437666
2017,4,13,Lepidoptera,Papilionidae,Papilio,rumiko,437666
2017,4,13,Lepidoptera,Papilionidae,Papilio,rumiko,232369
2017,4,14,Lepidoptera,Papilionidae,Papilio,rumiko,449064
2017,9,18,Lepidoptera,Papilionidae,Papilio,rumiko,493312
2017,9,22,Lepidoptera,Papilionidae,Papilio,rumiko,597767
2018,4,11,Lepidoptera,Papilionidae,Papilio,rumiko,841249
2018,4,26,Lepidoptera,Papilionidae,Papilio,rumiko,841386
2018,11,3,Lepidoptera,Papilionidae,Papilio,rumiko,1375082
2019,4,26,Lepidoptera,Papilionidae,Papilio,rumiko,512993
2019,9,6,Lepidoptera,Papilionidae,Papilio,rumiko,2213402
2019,9,14,Lepidoptera,Papilionidae,Papilio,rumiko,2239223
2019,9,15,Lepidoptera,Papilionidae,Papilio,rumiko,2212953
2019,10,31,Lepidoptera,Papilionidae,Papilio,rumiko,2408646
2019,11,12,Lepidoptera,Papilionidae,Papilio,rumiko,2408669
2020,1,7,Lepidoptera,Papilionidae,Papilio,rumiko,1923420
2020,4,21,Lepidoptera,Papilionidae,Papilio,rumiko,2251296
2020,4,23,Lepidoptera,Papilionidae,Papilio,rumiko,1923420
2016,3,16,Lepidoptera,Papilionidae,,,181333
2020,8,10,Lepidoptera,Pieridae,Colias,eurytheme,1424273
2018,11,28,Lepidoptera,Pieridae,Phoebis,agarithe,1370832
2016,9,26,Lepidoptera,Pieridae,Phoebis,sennae,21718
2016,9,26,Lepidoptera,Pieridae,Phoebis,sennae,6600
2016,11,30,Lepidoptera,Pieridae,Phoebis,sennae,6600
2016,11,30,Lepidoptera,Pieridae,Phoebis,sennae,376957
2016,11,30,Lepidoptera,Pieridae,Phoebis,sennae,21718
2016,11,30,Lepidoptera,Pieridae,Phoebis,sennae,376969
2016,11,30,Lepidoptera,Pieridae,Phoebis,sennae,376959
2017,9,18,Lepidoptera,Pieridae,Phoebis,sennae,597767
2017,9,26,Lepidoptera,Pieridae,Phoebis,sennae,597767
2017,9,26,Lepidoptera,Pieridae,Phoebis,sennae,597767
2017,10,13,Lepidoptera,Pieridae,Phoebis,sennae,597767
2018,10,18,Lepidoptera,Pieridae,Phoebis,sennae,1301525
2020,4,11,Lepidoptera,Pieridae,Phoebis,sennae,1923420
2020,8,10,Lepidoptera,Pieridae,Phoebis,sennae,1424273
2020,9,4,Lepidoptera,Pieridae,Phoebis,sennae,3581827
2008,6,3,Lepidoptera,Pieridae,Pontia,protodice,3785
2017,4,13,Lepidoptera,Pieridae,Zerene,cesonia,437666
2017,9,22,Lepidoptera,Pieridae,Zerene,cesonia,597767
2017,5,1,Lepidoptera,Pieridae,,,440420
2018,1,6,Lepidoptera,Pyralidae,Plodia,interpunctella,1273715
2019,9,16,Lepidoptera,Riodinidae,Calephelis,arizonensis,2176369
2016,10,28,Lepidoptera,Saturniidae,Syssphinx,hubbardi,359549
2018,11,5,Lepidoptera,Saturniidae,,,1301525
2017,4,25,Lepidoptera,Sphingidae,Hyles,lineata,437666
2017,8,5,Lepidoptera,Sphingidae,Hyles,lineata,526494
2017,9,16,Lepidoptera,Sphingidae,Hyles,lineata,550536
2018,3,18,Lepidoptera,Sphingidae,Hyles,lineata,850533
2018,4,11,Lepidoptera,Sphingidae,Hyles,lineata,841116
2018,4,11,Lepidoptera,Sphingidae,Hyles,lineata,845315
2018,4,11,Lepidoptera,Sphingidae,Hyles,lineata,844329
2018,4,11,Lepidoptera,Sphingidae,Hyles,lineata,312304
2018,4,11,Lepidoptera,Sphingidae,Hyles,lineata,845294
2018,4,11,Lepidoptera,Sphingidae,Hyles,lineata,845299
2018,4,11,Lepidoptera,Sphingidae,Hyles,lineata,844078
2018,4,11,Lepidoptera,Sphingidae,Hyles,lineata,844131
2018,4,11,Lepidoptera,Sphingidae,Hyles,lineata,841499
2018,4,11,Lepidoptera,Sphingidae,Hyles,lineata,843664
2018,4,11,Lepidoptera,Sphingidae,Hyles,lineata,841209
2018,4,11,Lepidoptera,Sphingidae,Hyles,lineata,844063
2018,4,24,Lepidoptera,Sphingidae,Hyles,lineata,841110
2018,10,6,Lepidoptera,Sphingidae,Hyles,lineata,1343506
2019,3,28,Lepidoptera,Sphingidae,Hyles,lineata,1273746
2019,9,13,Lepidoptera,Sphingidae,Hyles,lineata,2213054
2020,8,22,Lepidoptera,Sphingidae,Hyles,lineata,2805550
2020,9,19,Lepidoptera,Sphingidae,Hyles,lineata,3539312
2017,8,13,Lepidoptera,Sphingidae,Manduca,rustica,490159
2017,10,11,Lepidoptera,Sphingidae,Manduca,rustica,558040
2018,7,25,Lepidoptera,Sphingidae,Manduca,rustica,1121136
2018,9,11,Lepidoptera,Sphingidae,Manduca,rustica,572152
2018,9,12,Lepidoptera,Sphingidae,Manduca,rustica,904914
2018,9,20,Lepidoptera,Sphingidae,Manduca,rustica,1455266
2018,9,30,Lepidoptera,Sphingidae,Manduca,rustica,284246
2018,9,30,Lepidoptera,Sphingidae,Manduca,rustica,284246
2018,11,14,Lepidoptera,Sphingidae,Manduca,rustica,1355203
2018,11,14,Lepidoptera,Sphingidae,Manduca,rustica,1355203
2018,11,21,Lepidoptera,Sphingidae,Manduca,rustica,904914
2018,12,1,Lepidoptera,Sphingidae,Manduca,rustica,941589
2019,5,28,Lepidoptera,Sphingidae,Manduca,rustica,284685
2019,9,5,Lepidoptera,Sphingidae,Manduca,rustica,2212242
2019,9,18,Lepidoptera,Sphingidae,Manduca,rustica,904914
2019,10,10,Lepidoptera,Sphingidae,Manduca,rustica,2276891
2019,11,10,Lepidoptera,Sphingidae,Manduca,rustica,2431512
2020,7,12,Lepidoptera,Sphingidae,Manduca,rustica,2317842
2020,8,2,Lepidoptera,Sphingidae,Manduca,rustica,1879173
2020,9,6,Lepidoptera,Sphingidae,Manduca,rustica,3522054
2019,8,21,Lepidoptera,Sphingidae,Manduca,sexta,1923420
2020,9,18,Lepidoptera,Sphingidae,Manduca,sexta,3546723
2017,6,20,Lepidoptera,Sphingidae,Pachysphinx,occidentalis,272756
2017,9,27,Lepidoptera,Sphingidae,Pachysphinx,occidentalis,437666
2016,8,24,Lepidoptera,Sphingidae,Sphinx,chersis,312548
2016,10,12,Lepidoptera,Sphingidae,Sphinx,chersis,287211
2018,4,23,Lepidoptera,Sphingidae,Sphinx,chersis,841209
2018,9,21,Lepidoptera,Sphingidae,Sphinx,chersis,904914
2018,11,13,Lepidoptera,Sphingidae,Sphinx,chersis,904914
2018,11,13,Lepidoptera,Sphingidae,Sphinx,chersis,1264441
2018,11,20,Lepidoptera,Sphingidae,Sphinx,chersis,1273779
2018,11,27,Lepidoptera,Sphingidae,Sphinx,chersis,1368014
2018,11,30,Lepidoptera,Sphingidae,Sphinx,chersis,1306058
2019,9,26,Lepidoptera,Sphingidae,Sphinx,chersis,579856
2016,4,12,Lepidoptera,Sphingidae,,,181400
2016,4,14,Lepidoptera,Sphingidae,,,215393
2017,4,13,Lepidoptera,Sphingidae,,,443720
2017,4,13,Lepidoptera,Sphingidae,,,411236
2019,7,9,Lepidoptera,Sphingidae,,,2122967
2019,11,10,Lepidoptera,Sphingidae,,,2431512
2019,11,26,Lepidoptera,Sphingidae,,,550536
2020,3,25,Lepidoptera,Sphingidae,,,2251296
2020,7,9,Lepidoptera,Tineidae,,,2408653
2016,4,5,Lepidoptera,Zygaenidae,Harrisina,metallica,210789
2016,4,5,Lepidoptera,Zygaenidae,Harrisina,metallica,210800
2016,4,5,Lepidoptera,Zygaenidae,Harrisina,metallica,181400
2018,9,23,Lepidoptera,Zygaenidae,Harrisina,metallica,904914
2018,10,21,Lepidoptera,Zygaenidae,Harrisina,metallica,1273772
2020,7,27,Lepidoptera,Zygaenidae,Harrisina,metallica,1923420
2014,11,6,Lepidoptera,,,,52181
2016,4,12,Lepidoptera,,,,215393
2016,8,21,Lepidoptera,,,,284783
2016,9,14,Lepidoptera,,,,21718
2017,4,10,Lepidoptera,,,,447007
2017,4,10,Lepidoptera,,,,411272
2017,4,10,Lepidoptera,,,,411276
2017,4,12,Lepidoptera,,,,449110
2017,4,12,Lepidoptera,,,,449066
2017,4,12,Lepidoptera,,,,441578
2017,4,13,Lepidoptera,,,,437666
2017,4,14,Lepidoptera,,,,437748
2017,4,19,Lepidoptera,,,,455318
2017,4,26,Lepidoptera,,,,437666
2017,9,22,Lepidoptera,,,,597767
2018,4,11,Lepidoptera,,,,845013
2018,4,11,Lepidoptera,,,,845251
2018,4,11,Lepidoptera,,,,841574
2018,4,11,Lepidoptera,,,,841624
2018,4,11,Lepidoptera,,,,845354
2018,4,13,Lepidoptera,,,,719230
2018,4,13,Lepidoptera,,,,719230
2018,4,15,Lepidoptera,,,,841209
2018,4,23,Lepidoptera,,,,842953
2018,4,23,Lepidoptera,,,,845269
2018,4,25,Lepidoptera,,,,841101
2018,5,8,Lepidoptera,,,,856465
2018,10,27,Lepidoptera,,,,39957
2018,11,28,Lepidoptera,,,,1370832
2019,8,25,Lepidoptera,,,,2938759
2019,9,10,Lepidoptera,,,,2212910
2019,9,12,Lepidoptera,,,,2212910
2019,9,15,Lepidoptera,,,,2263613
2020,3,14,Lepidoptera,,,,2808889
2020,7,27,Lepidoptera,,,,1923420
2020,9,10,Lepidoptera,,,,1117199
2018,9,11,Mantodea,Eremiaphilidae,Iris,oratoria,904914
2018,10,12,Mantodea,Eremiaphilidae,Iris,oratoria,1273775
2018,10,12,Mantodea,Eremiaphilidae,Iris,oratoria,1273722
2018,10,12,Mantodea,Eremiaphilidae,Iris,oratoria,1273771
2018,10,12,Mantodea,Eremiaphilidae,Iris,oratoria,1273678
2018,10,12,Mantodea,Eremiaphilidae,Iris,oratoria,1376441
2018,10,17,Mantodea,Eremiaphilidae,Iris,oratoria,1378241
2018,10,29,Mantodea,Eremiaphilidae,Iris,oratoria,904914
2018,11,29,Mantodea,Eremiaphilidae,Iris,oratoria,1368014
2018,12,3,Mantodea,Eremiaphilidae,Iris,oratoria,1378241
2019,4,26,Mantodea,Eremiaphilidae,Iris,oratoria,232369
2019,5,14,Mantodea,Eremiaphilidae,Iris,oratoria,2425872
2019,8,27,Mantodea,Eremiaphilidae,Iris,oratoria,2212242
2019,12,12,Mantodea,Eremiaphilidae,Iris,oratoria,284685
2020,4,2,Mantodea,Eremiaphilidae,Iris,oratoria,2251296
2020,5,17,Mantodea,Eremiaphilidae,Iris,oratoria,2251296
2020,7,9,Mantodea,Eremiaphilidae,Iris,oratoria,1923420
2020,8,28,Mantodea,Eremiaphilidae,Iris,oratoria,3522054
2019,11,13,Mantodea,Eremiaphilidae,,,2438706
2017,9,26,Mantodea,Mantidae,Mantis,religiosa,597767
2017,8,9,Mantodea,Mantidae,Stagmomantis,limbata,493312
2017,10,16,Mantodea,Mantidae,Stagmomantis,limbata,600003
2018,9,30,Mantodea,Mantidae,Stagmomantis,limbata,1273751
2018,10,6,Mantodea,Mantidae,Stagmomantis,limbata,20265
2018,10,12,Mantodea,Mantidae,Stagmomantis,limbata,1162965
2018,10,24,Mantodea,Mantidae,Stagmomantis,limbata,1273772
2019,9,6,Mantodea,Mantidae,Stagmomantis,limbata,579856
2019,9,11,Mantodea,Mantidae,Stagmomantis,limbata,2212893
2019,9,16,Mantodea,Mantidae,Stagmomantis,limbata,572152
2019,11,1,Mantodea,Mantidae,Stagmomantis,limbata,1356621
2020,9,3,Mantodea,Mantidae,Stagmomantis,limbata,3539312
2017,9,26,Mantodea,Mantidae,,,597767
2017,9,27,Mantodea,Mantidae,,,597767
2017,10,1,Mantodea,Mantidae,,,296672
2018,4,11,Mantodea,Mantidae,,,843766
2018,5,7,Mantodea,Mantidae,,,863218
2018,6,7,Mantodea,Mantidae,,,579856
2019,9,9,Mantodea,Mantidae,,,2212741
2019,9,11,Mantodea,Mantidae,,,2212907
2019,9,18,Mantodea,Mantidae,,,2248561
2019,9,20,Mantodea,Mantidae,,,2408653
2019,11,6,Mantodea,Mantidae,,,2434334
2020,9,13,Mantodea,Mantidae,,,3551697
2016,4,11,Mantodea,,,,214437
2017,7,28,Mantodea,,,,21718
2017,9,22,Mantodea,,,,597767
2017,9,22,Mantodea,,,,597767
2017,9,26,Mantodea,,,,597767
2017,9,26,Mantodea,,,,597767
2018,10,12,Mantodea,,,,1273792
2018,10,12,Mantodea,,,,1273722
2018,10,12,Mantodea,,,,1273722
2018,10,12,Mantodea,,,,1273795
2018,10,12,Mantodea,,,,1189161
2019,9,10,Mantodea,,,,2263024
2019,9,16,Mantodea,,,,2212901
2016,4,11,Neuroptera,Chrysopidae,,,212724
2017,4,10,Neuroptera,Chrysopidae,,,446857
2018,8,31,Neuroptera,Chrysopidae,,,1359307
2018,10,22,Neuroptera,Chrysopidae,,,1273733
2019,9,10,Neuroptera,Chrysopidae,,,2180944
2019,12,4,Neuroptera,Chrysopidae,,,850533
2020,9,9,Neuroptera,Chrysopidae,,,3522054
2020,4,25,Neuroptera,Hemerobiidae,,,2626882
2020,5,5,Neuroptera,Myrmeleontidae,Vella,fallax,1923420
2017,4,12,Neuroptera,Myrmeleontidae,,,448979
2018,9,2,Neuroptera,Myrmeleontidae,,,572152
2018,10,14,Neuroptera,Myrmeleontidae,,,1273722
2019,8,28,Neuroptera,Myrmeleontidae,,,284246
2019,8,28,Neuroptera,Myrmeleontidae,,,284246
2020,9,7,Neuroptera,Myrmeleontidae,,,3522054
2016,4,11,Neuroptera,,,,212839
2017,10,25,Neuroptera,,,,600003
2019,4,22,Neuroptera,,,,572152
2017,10,8,Odonata,Aeshnidae,,,437666
2018,4,23,Odonata,Coenagrionidae,Argia,moesta,841492
2018,4,11,Odonata,Coenagrionidae,Telebasis,salva,845293
2018,11,7,Odonata,Coenagrionidae,Telebasis,salva,1273779
2016,11,15,Odonata,Coenagrionidae,,,272756
2018,4,23,Odonata,Coenagrionidae,,,844063
2017,4,12,Odonata,Libellulidae,Libellula,saturata,440611
2017,7,4,Odonata,Libellulidae,Libellula,saturata,21718
2017,7,4,Odonata,Libellulidae,Libellula,saturata,232369
2018,4,23,Odonata,Libellulidae,Libellula,saturata,312304
2018,4,23,Odonata,Libellulidae,Libellula,saturata,844282
2018,4,23,Odonata,Libellulidae,Libellula,saturata,844282
2018,4,23,Odonata,Libellulidae,Libellula,saturata,841253
2018,4,23,Odonata,Libellulidae,Libellula,saturata,841499
2018,4,23,Odonata,Libellulidae,Libellula,saturata,841253
2018,4,23,Odonata,Libellulidae,Libellula,saturata,841253
2018,4,23,Odonata,Libellulidae,Libellula,saturata,886798
2018,4,23,Odonata,Libellulidae,Libellula,saturata,844853
2019,6,18,Odonata,Libellulidae,Libellula,saturata,1030791
2019,9,4,Odonata,Libellulidae,Libellula,saturata,2212959
2019,9,13,Odonata,Libellulidae,Libellula,saturata,2212954
2020,5,5,Odonata,Libellulidae,Libellula,saturata,1923420
2019,9,8,Odonata,Libellulidae,Pachydiplax,longipennis,2229614
2019,9,9,Odonata,Libellulidae,Pachydiplax,longipennis,2213547
2019,9,9,Odonata,Libellulidae,Pachydiplax,longipennis,2240428
2020,7,15,Odonata,Libellulidae,Pachydiplax,longipennis,2408653
2007,9,30,Odonata,Libellulidae,Perithemis,intensa,3785
2017,9,22,Odonata,Libellulidae,Perithemis,intensa,21718
2017,9,22,Odonata,Libellulidae,Perithemis,intensa,21718
2017,9,22,Odonata,Libellulidae,Perithemis,intensa,597767
2017,9,22,Odonata,Libellulidae,Perithemis,intensa,597767
2017,9,26,Odonata,Libellulidae,Perithemis,intensa,597767
2019,9,5,Odonata,Libellulidae,,,2212900
2018,4,23,Odonata,,,,312304
2018,4,23,Odonata,,,,841249
2020,8,26,Odonata,,,,2408669
2020,8,26,Odonata,,,,2408669
2018,11,21,Orthoptera,Acrididae,Melanoplus,differentialis,1273678
2019,9,6,Orthoptera,Acrididae,Melanoplus,differentialis,1948815
2019,11,19,Orthoptera,Acrididae,Melanoplus,differentialis,2408647
2019,9,20,Orthoptera,Acrididae,Schistocerca,albolineata,2212957
2017,4,12,Orthoptera,Acrididae,Schistocerca,nitens,448523
2017,4,12,Orthoptera,Acrididae,Schistocerca,nitens,447011
2017,4,12,Orthoptera,Acrididae,Schistocerca,nitens,449103
2018,4,13,Orthoptera,Acrididae,Schistocerca,nitens,723501
2018,4,23,Orthoptera,Acrididae,Schistocerca,nitens,844282
2018,4,23,Orthoptera,Acrididae,Schistocerca,nitens,841116
2018,4,24,Orthoptera,Acrididae,Schistocerca,nitens,841209
2018,10,5,Orthoptera,Acrididae,Schistocerca,nitens,1356600
2018,10,12,Orthoptera,Acrididae,Schistocerca,nitens,1273775
2018,10,12,Orthoptera,Acrididae,Schistocerca,nitens,1273792
2018,10,12,Orthoptera,Acrididae,Schistocerca,nitens,1273722
2018,10,12,Orthoptera,Acrididae,Schistocerca,nitens,1310104
2018,10,12,Orthoptera,Acrididae,Schistocerca,nitens,1273712
2019,3,29,Orthoptera,Acrididae,Schistocerca,nitens,1009557
2019,6,28,Orthoptera,Acrididae,Schistocerca,nitens,2220039
2020,1,4,Orthoptera,Acrididae,Schistocerca,nitens,526494
2016,4,7,Orthoptera,Acrididae,Trimerotropis,pallidipennis,210733
2018,4,11,Orthoptera,Acrididae,Trimerotropis,pallidipennis,841209
2018,4,11,Orthoptera,Acrididae,Trimerotropis,pallidipennis,841118
2019,7,24,Orthoptera,Acrididae,Trimerotropis,pallidipennis,284685
2019,9,5,Orthoptera,Acrididae,Trimerotropis,pallidipennis,2239223
2019,9,6,Orthoptera,Acrididae,Trimerotropis,pallidipennis,2212953
2019,9,8,Orthoptera,Acrididae,Trimerotropis,pallidipennis,2212894
2020,4,23,Orthoptera,Acrididae,Trimerotropis,pallidipennis,284685
2020,8,22,Orthoptera,Acrididae,Trimerotropis,pallidipennis,2805550
2016,2,20,Orthoptera,Acrididae,,,3785
2016,4,11,Orthoptera,Acrididae,,,212724
2017,9,22,Orthoptera,Acrididae,,,278739
2017,9,22,Orthoptera,Acrididae,,,597767
2017,9,22,Orthoptera,Acrididae,,,597767
2018,4,26,Orthoptera,Acrididae,,,844282
2018,8,25,Orthoptera,Acrididae,,,904914
2018,8,27,Orthoptera,Acrididae,,,904914
2019,9,5,Orthoptera,Acrididae,,,2212095
2019,9,5,Orthoptera,Acrididae,,,2213206
2020,4,3,Orthoptera,Acrididae,,,2626873
2020,9,17,Orthoptera,Acrididae,,,3551864
2016,4,7,Orthoptera,Gryllidae,Acheta,domesticus,210705
2020,9,22,Orthoptera,Gryllidae,Acheta,domesticus,2934042
2016,3,14,Orthoptera,Gryllidae,Gryllodes,sigillatus,197070
2016,3,16,Orthoptera,Gryllidae,Gryllodes,sigillatus,197115
2016,3,16,Orthoptera,Gryllidae,Gryllodes,sigillatus,197114
2016,3,16,Orthoptera,Gryllidae,Gryllodes,sigillatus,197106
2018,8,26,Orthoptera,Gryllidae,Gryllodes,sigillatus,1356600
2018,10,7,Orthoptera,Gryllidae,Gryllodes,sigillatus,1370833
2018,11,14,Orthoptera,Gryllidae,Gryllodes,sigillatus,1273752
2018,12,4,Orthoptera,Gryllidae,Gryllodes,sigillatus,1348727
2019,9,5,Orthoptera,Gryllidae,Gryllodes,sigillatus,2212947
2019,9,6,Orthoptera,Gryllidae,Gryllodes,sigillatus,2212950
2019,9,7,Orthoptera,Gryllidae,Gryllodes,sigillatus,2213989
2019,9,9,Orthoptera,Gryllidae,Gryllodes,sigillatus,2242947
2019,9,10,Orthoptera,Gryllidae,Gryllodes,sigillatus,2212915
2019,9,15,Orthoptera,Gryllidae,Gryllodes,sigillatus,2263613
2019,9,16,Orthoptera,Gryllidae,Gryllodes,sigillatus,2240939
2020,6,25,Orthoptera,Gryllidae,Gryllodes,sigillatus,2251296
2019,9,14,Orthoptera,Gryllidae,Gryllus,pennsylvanicus,2213054
2016,3,16,Orthoptera,Gryllidae,,,198032
2019,9,4,Orthoptera,Gryllidae,,,2212898
2019,9,8,Orthoptera,Gryllidae,,,2212959
2019,9,9,Orthoptera,Gryllidae,,,2235163
2019,9,9,Orthoptera,Gryllidae,,,2242947
2019,9,12,Orthoptera,Gryllidae,,,2214274
2020,9,7,Orthoptera,Gryllidae,,,3520103
2019,11,19,Orthoptera,Tettigoniidae,Insara,elegans,2408647
2019,2,5,Orthoptera,Tettigoniidae,Microcentrum,rhombifolium,904914
2017,9,22,Orthoptera,Tettigoniidae,Orchelimum,unispina,597767
2016,11,30,Orthoptera,Tettigoniidae,Scudderia,mexicana,6600
2016,11,30,Orthoptera,Tettigoniidae,Scudderia,mexicana,376969
2016,11,30,Orthoptera,Tettigoniidae,Scudderia,mexicana,21718
2016,11,30,Orthoptera,Tettigoniidae,Scudderia,mexicana,376973
2016,11,30,Orthoptera,Tettigoniidae,Scudderia,mexicana,376959
2017,4,12,Orthoptera,Tettigoniidae,Scudderia,mexicana,442764
2017,4,12,Orthoptera,Tettigoniidae,Scudderia,mexicana,446331
2017,4,12,Orthoptera,Tettigoniidae,Scudderia,mexicana,449091
2017,4,12,Orthoptera,Tettigoniidae,Scudderia,mexicana,443529
2017,4,12,Orthoptera,Tettigoniidae,Scudderia,mexicana,440611
2017,4,12,Orthoptera,Tettigoniidae,Scudderia,mexicana,448018
2018,12,3,Orthoptera,Tettigoniidae,Scudderia,mexicana,1378098
2019,10,24,Orthoptera,Tettigoniidae,Scudderia,mexicana,2212957
2020,9,3,Orthoptera,Tettigoniidae,Scudderia,mexicana,2212957
2017,4,12,Orthoptera,Tettigoniidae,,,448018
2017,4,12,Orthoptera,Tettigoniidae,,,448291
2017,4,12,Orthoptera,Tettigoniidae,,,441578
2017,9,27,Orthoptera,Tettigoniidae,,,284685
2018,11,28,Orthoptera,Tettigoniidae,,,1370087
2018,11,28,Orthoptera,Tettigoniidae,,,1370087
2019,1,31,Orthoptera,Tettigoniidae,,,831224
2019,9,14,Orthoptera,Tettigoniidae,,,2248536
2016,3,15,Orthoptera,,,,198084
2016,4,5,Orthoptera,,,,210801
2016,4,13,Orthoptera,,,,212752
2016,4,14,Orthoptera,,,,179743
2016,4,14,Orthoptera,,,,179743
2017,4,12,Orthoptera,,,,449098
2017,7,29,Orthoptera,,,,493312
2017,9,13,Orthoptera,,,,627737
2018,5,9,Orthoptera,,,,863212
2018,6,25,Orthoptera,,,,579856
2018,11,19,Orthoptera,,,,572152
2019,9,6,Orthoptera,,,,1948815
2019,9,9,Orthoptera,,,,2238411
2019,9,9,Orthoptera,,,,2234016
2019,9,13,Orthoptera,,,,2212909
2019,11,8,Orthoptera,,,,2398063
2019,11,9,Orthoptera,,,,2317842
2019,11,9,Orthoptera,,,,2317842
2020,7,9,Orthoptera,,,,1923420
2020,8,28,Orthoptera,,,,3609797
2020,8,30,Orthoptera,,,,3515561
2019,1,30,Phasmida,Diapheromeridae,,,1448748
2019,6,19,Phasmida,Heteronemiidae,,,572152
2020,9,4,Zygentoma,Lepismatidae,Lepisma,saccharina,3520103
2018,11,3,Zygentoma,Lepismatidae,Leucolepisma,arenaria,572152
2016,2,19,Zygentoma,Lepismatidae,Thermobia,domestica,43891
2019,9,12,Zygentoma,Lepismatidae,,,2212906
2016,3,14,,,,,197114
2016,3,14,,,,,197102
2016,3,15,,,,,197105
2016,3,15,,,,,197108
2016,3,15,,,,,197108
2016,3,15,,,,,197112
2016,3,15,,,,,197106
2016,3,15,,,,,73174
2016,3,16,,,,,197105
2016,4,5,,,,,210705
2016,4,5,,,,,206804
2016,4,7,,,,,212125
2016,4,7,,,,,210734
2016,4,11,,,,,214495
2016,4,12,,,,,215235
2016,4,12,,,,,212125
2016,4,12,,,,,212125
2016,4,12,,,,,210797
2016,4,13,,,,,212742
2017,3,10,,,,,421603
2017,4,3,,,,,421600
2017,4,5,,,,,400443
2017,4,10,,,,,446860
2017,4,12,,,,,449043
2017,4,12,,,,,449098
2017,4,12,,,,,449098
2017,4,17,,,,,455318
2017,4,24,,,,,437748
2017,4,28,,,,,437666
2018,4,11,,,,,845286
2018,4,11,,,,,841624
2018,4,16,,,,,841101
2018,4,23,,,,,889446
2018,4,23,,,,,889446
2018,4,23,,,,,841249
2018,5,8,,,,,948104
2018,5,10,,,,,823704
2018,10,19,,,,,1273772
2018,11,29,,,,,1370848
2018,12,2,,,,,1376395
2018,12,4,,,,,1379482
2019,9,9,,,,,2212972
2020,4,23,,,,,1923420
2020,5,5,,,,,1923420
2020,6,6,,,,,2251296
2020,9,1,,,,,1879173
